<?xml version="1.0" ?>
<annotation>
	<folder>train</folder>
	<filename>0000f77c-6257be58.jpg</filename>
	<size>
		<width>1280</width>
		<height>720</height>
		<depth>3</depth>
	</size>
	<weather>clear</weather>
	<scene>city street</scene>
	<timeofday>daytime</timeofday>
	<object>
		<name>traffic light</name>
		<occluded>0</occluded>
		<truncated>0</truncated>
		<trafficLightColor>green</trafficLightColor>
		<bndbox>
			<xmin>1125</xmin>
			<ymin>133</ymin>
			<xmax>1156</xmax>
			<ymax>210</ymax>
		</bndbox>
	</object>
	<object>
		<name>traffic light</name>
		<occluded>0</occluded>
		<truncated>0</truncated>
		<trafficLightColor>green</trafficLightColor>
		<bndbox>
			<xmin>1156</xmin>
			<ymin>136</ymin>
			<xmax>1191</xmax>
			<ymax>210</ymax>
		</bndbox>
	</object>
	<object>
		<name>traffic sign</name>
		<occluded>0</occluded>
		<truncated>0</truncated>
		<trafficLightColor>none</trafficLightColor>
		<bndbox>
			<xmin>1101</xmin>
			<ymin>211</ymin>
			<xmax>1170</xmax>
			<ymax>233</ymax>
		</bndbox>
	</object>
	<object>
		<name>traffic sign</name>
		<occluded>0</occluded>
		<truncated>1</truncated>
		<trafficLightColor>none</trafficLightColor>
		<bndbox>
			<xmin>0</xmin>
			<ymin>0</ymin>
			<xmax>100</xmax>
			<ymax>122</ymax>
		</bndbox>
	</object>
	<object>
		<name>car</name>
		<occluded>0</occluded>
		<truncated>0</truncated>
		<trafficLightColor>none</trafficLightColor>
		<bndbox>
			<xmin>45</xmin>
			<ymin>254</ymin>
			<xmax>357</xmax>
			<ymax>487</ymax>
		</bndbox>
	</object>
	<object>
		<name>car</name>
		<occluded>0</occluded>
		<truncated>0</truncated>
		<trafficLightColor>none</trafficLightColor>
		<bndbox>
			<xmin>507</xmin>
			<ymin>221</ymin>
			<xmax>908</xmax>
			<ymax>442</ymax>
		</bndbox>
	</object>
	<object>
		<name>traffic sign</name>
		<occluded>0</occluded>
		<truncated>1</truncated>
		<trafficLightColor>none</trafficLightColor>
		<bndbox>
			<xmin>0</xmin>
			<ymin>0</ymin>
			<xmax>102</xmax>
			<ymax>133</ymax>
		</bndbox>
	</object>
</annotation>
