<?xml version="1.0" ?>
<annotation>
	<folder>train</folder>
	<filename>0000f77c-62c2a288.jpg</filename>
	<size>
		<width>1280</width>
		<height>720</height>
		<depth>3</depth>
	</size>
	<weather>clear</weather>
	<scene>highway</scene>
	<timeofday>dawn/dusk</timeofday>
	<object>
		<name>traffic sign</name>
		<occluded>0</occluded>
		<truncated>0</truncated>
		<trafficLightColor>none</trafficLightColor>
		<bndbox>
			<xmin>250</xmin>
			<ymin>294</ymin>
			<xmax>308</xmax>
			<ymax>357</ymax>
		</bndbox>
	</object>
	<object>
		<name>traffic sign</name>
		<occluded>1</occluded>
		<truncated>0</truncated>
		<trafficLightColor>none</trafficLightColor>
		<bndbox>
			<xmin>206</xmin>
			<ymin>299</ymin>
			<xmax>221</xmax>
			<ymax>321</ymax>
		</bndbox>
	</object>
	<object>
		<name>traffic sign</name>
		<occluded>0</occluded>
		<truncated>0</truncated>
		<trafficLightColor>none</trafficLightColor>
		<bndbox>
			<xmin>924</xmin>
			<ymin>286</ymin>
			<xmax>936</xmax>
			<ymax>297</ymax>
		</bndbox>
	</object>
	<object>
		<name>person</name>
		<occluded>0</occluded>
		<truncated>0</truncated>
		<trafficLightColor>none</trafficLightColor>
		<bndbox>
			<xmin>423</xmin>
			<ymin>336</ymin>
			<xmax>434</xmax>
			<ymax>358</ymax>
		</bndbox>
	</object>
	<object>
		<name>person</name>
		<occluded>0</occluded>
		<truncated>0</truncated>
		<trafficLightColor>none</trafficLightColor>
		<bndbox>
			<xmin>563</xmin>
			<ymin>324</ymin>
			<xmax>573</xmax>
			<ymax>348</ymax>
		</bndbox>
	</object>
	<object>
		<name>person</name>
		<occluded>1</occluded>
		<truncated>0</truncated>
		<trafficLightColor>none</trafficLightColor>
		<bndbox>
			<xmin>656</xmin>
			<ymin>315</ymin>
			<xmax>666</xmax>
			<ymax>345</ymax>
		</bndbox>
	</object>
</annotation>
