<?xml version="1.0" ?>
<annotation>
	<folder>train</folder>
	<filename>0000f77c-cb820c98.jpg</filename>
	<size>
		<width>1280</width>
		<height>720</height>
		<depth>3</depth>
	</size>
	<weather>clear</weather>
	<scene>residential</scene>
	<timeofday>dawn/dusk</timeofday>
	<object>
		<name>car</name>
		<occluded>0</occluded>
		<truncated>0</truncated>
		<trafficLightColor>none</trafficLightColor>
		<bndbox>
			<xmin>581</xmin>
			<ymin>301</ymin>
			<xmax>641</xmax>
			<ymax>350</ymax>
		</bndbox>
	</object>
	<object>
		<name>car</name>
		<occluded>1</occluded>
		<truncated>0</truncated>
		<trafficLightColor>none</trafficLightColor>
		<bndbox>
			<xmin>697</xmin>
			<ymin>299</ymin>
			<xmax>722</xmax>
			<ymax>331</ymax>
		</bndbox>
	</object>
	<object>
		<name>car</name>
		<occluded>1</occluded>
		<truncated>0</truncated>
		<trafficLightColor>none</trafficLightColor>
		<bndbox>
			<xmin>715</xmin>
			<ymin>302</ymin>
			<xmax>768</xmax>
			<ymax>344</ymax>
		</bndbox>
	</object>
	<object>
		<name>car</name>
		<occluded>1</occluded>
		<truncated>0</truncated>
		<trafficLightColor>none</trafficLightColor>
		<bndbox>
			<xmin>760</xmin>
			<ymin>292</ymin>
			<xmax>864</xmax>
			<ymax>375</ymax>
		</bndbox>
	</object>
	<object>
		<name>car</name>
		<occluded>1</occluded>
		<truncated>0</truncated>
		<trafficLightColor>none</trafficLightColor>
		<bndbox>
			<xmin>801</xmin>
			<ymin>299</ymin>
			<xmax>896</xmax>
			<ymax>393</ymax>
		</bndbox>
	</object>
	<object>
		<name>car</name>
		<occluded>0</occluded>
		<truncated>0</truncated>
		<trafficLightColor>none</trafficLightColor>
		<bndbox>
			<xmin>853</xmin>
			<ymin>283</ymin>
			<xmax>1075</xmax>
			<ymax>436</ymax>
		</bndbox>
	</object>
	<object>
		<name>car</name>
		<occluded>0</occluded>
		<truncated>1</truncated>
		<trafficLightColor>none</trafficLightColor>
		<bndbox>
			<xmin>1135</xmin>
			<ymin>301</ymin>
			<xmax>1277</xmax>
			<ymax>538</ymax>
		</bndbox>
	</object>
</annotation>
