<?xml version="1.0" ?>
<annotation>
	<folder>train</folder>
	<filename>000f157f-30b30f5e.jpg</filename>
	<size>
		<width>1280</width>
		<height>720</height>
		<depth>3</depth>
	</size>
	<weather>clear</weather>
	<scene>city street</scene>
	<timeofday>night</timeofday>
	<object>
		<name>traffic sign</name>
		<occluded>0</occluded>
		<truncated>0</truncated>
		<trafficLightColor>none</trafficLightColor>
		<bndbox>
			<xmin>577</xmin>
			<ymin>256</ymin>
			<xmax>587</xmax>
			<ymax>280</ymax>
		</bndbox>
	</object>
	<object>
		<name>traffic sign</name>
		<occluded>0</occluded>
		<truncated>0</truncated>
		<trafficLightColor>none</trafficLightColor>
		<bndbox>
			<xmin>514</xmin>
			<ymin>236</ymin>
			<xmax>551</xmax>
			<ymax>269</ymax>
		</bndbox>
	</object>
	<object>
		<name>traffic sign</name>
		<occluded>0</occluded>
		<truncated>0</truncated>
		<trafficLightColor>none</trafficLightColor>
		<bndbox>
			<xmin>947</xmin>
			<ymin>265</ymin>
			<xmax>966</xmax>
			<ymax>281</ymax>
		</bndbox>
	</object>
	<object>
		<name>traffic sign</name>
		<occluded>0</occluded>
		<truncated>0</truncated>
		<trafficLightColor>none</trafficLightColor>
		<bndbox>
			<xmin>947</xmin>
			<ymin>282</ymin>
			<xmax>961</xmax>
			<ymax>304</ymax>
		</bndbox>
	</object>
	<object>
		<name>traffic sign</name>
		<occluded>0</occluded>
		<truncated>0</truncated>
		<trafficLightColor>none</trafficLightColor>
		<bndbox>
			<xmin>1006</xmin>
			<ymin>285</ymin>
			<xmax>1026</xmax>
			<ymax>301</ymax>
		</bndbox>
	</object>
	<object>
		<name>traffic sign</name>
		<occluded>0</occluded>
		<truncated>0</truncated>
		<trafficLightColor>none</trafficLightColor>
		<bndbox>
			<xmin>1007</xmin>
			<ymin>301</ymin>
			<xmax>1026</xmax>
			<ymax>309</ymax>
		</bndbox>
	</object>
	<object>
		<name>traffic sign</name>
		<occluded>0</occluded>
		<truncated>0</truncated>
		<trafficLightColor>none</trafficLightColor>
		<bndbox>
			<xmin>1023</xmin>
			<ymin>301</ymin>
			<xmax>1048</xmax>
			<ymax>321</ymax>
		</bndbox>
	</object>
	<object>
		<name>traffic light</name>
		<occluded>0</occluded>
		<truncated>0</truncated>
		<trafficLightColor>red</trafficLightColor>
		<bndbox>
			<xmin>640</xmin>
			<ymin>297</ymin>
			<xmax>653</xmax>
			<ymax>312</ymax>
		</bndbox>
	</object>
	<object>
		<name>traffic light</name>
		<occluded>0</occluded>
		<truncated>0</truncated>
		<trafficLightColor>red</trafficLightColor>
		<bndbox>
			<xmin>1176</xmin>
			<ymin>270</ymin>
			<xmax>1196</xmax>
			<ymax>287</ymax>
		</bndbox>
	</object>
	<object>
		<name>traffic light</name>
		<occluded>0</occluded>
		<truncated>1</truncated>
		<trafficLightColor>red</trafficLightColor>
		<bndbox>
			<xmin>1263</xmin>
			<ymin>259</ymin>
			<xmax>1279</xmax>
			<ymax>276</ymax>
		</bndbox>
	</object>
	<object>
		<name>car</name>
		<occluded>1</occluded>
		<truncated>0</truncated>
		<trafficLightColor>none</trafficLightColor>
		<bndbox>
			<xmin>895</xmin>
			<ymin>305</ymin>
			<xmax>931</xmax>
			<ymax>332</ymax>
		</bndbox>
	</object>
	<object>
		<name>car</name>
		<occluded>1</occluded>
		<truncated>0</truncated>
		<trafficLightColor>none</trafficLightColor>
		<bndbox>
			<xmin>902</xmin>
			<ymin>303</ymin>
			<xmax>1031</xmax>
			<ymax>416</ymax>
		</bndbox>
	</object>
	<object>
		<name>car</name>
		<occluded>0</occluded>
		<truncated>1</truncated>
		<trafficLightColor>none</trafficLightColor>
		<bndbox>
			<xmin>978</xmin>
			<ymin>299</ymin>
			<xmax>1278</xmax>
			<ymax>514</ymax>
		</bndbox>
	</object>
	<object>
		<name>truck</name>
		<occluded>0</occluded>
		<truncated>0</truncated>
		<trafficLightColor>none</trafficLightColor>
		<bndbox>
			<xmin>653</xmin>
			<ymin>93</ymin>
			<xmax>908</xmax>
			<ymax>450</ymax>
		</bndbox>
	</object>
	<object>
		<name>car</name>
		<occluded>1</occluded>
		<truncated>0</truncated>
		<trafficLightColor>none</trafficLightColor>
		<bndbox>
			<xmin>418</xmin>
			<ymin>326</ymin>
			<xmax>483</xmax>
			<ymax>364</ymax>
		</bndbox>
	</object>
	<object>
		<name>car</name>
		<occluded>1</occluded>
		<truncated>0</truncated>
		<trafficLightColor>none</trafficLightColor>
		<bndbox>
			<xmin>602</xmin>
			<ymin>314</ymin>
			<xmax>647</xmax>
			<ymax>347</ymax>
		</bndbox>
	</object>
</annotation>
