<?xml version="1.0" ?>
<annotation>
	<folder>train</folder>
	<filename>00a2e3ca-5c856cde.jpg</filename>
	<size>
		<width>1280</width>
		<height>720</height>
		<depth>3</depth>
	</size>
	<weather>undefined</weather>
	<scene>residential</scene>
	<timeofday>daytime</timeofday>
	<object>
		<name>traffic sign</name>
		<occluded>0</occluded>
		<truncated>0</truncated>
		<trafficLightColor>none</trafficLightColor>
		<bndbox>
			<xmin>256</xmin>
			<ymin>216</ymin>
			<xmax>310</xmax>
			<ymax>269</ymax>
		</bndbox>
	</object>
	<object>
		<name>traffic sign</name>
		<occluded>0</occluded>
		<truncated>0</truncated>
		<trafficLightColor>none</trafficLightColor>
		<bndbox>
			<xmin>210</xmin>
			<ymin>273</ymin>
			<xmax>235</xmax>
			<ymax>296</ymax>
		</bndbox>
	</object>
	<object>
		<name>traffic sign</name>
		<occluded>0</occluded>
		<truncated>0</truncated>
		<trafficLightColor>none</trafficLightColor>
		<bndbox>
			<xmin>500</xmin>
			<ymin>294</ymin>
			<xmax>519</xmax>
			<ymax>329</ymax>
		</bndbox>
	</object>
	<object>
		<name>traffic sign</name>
		<occluded>0</occluded>
		<truncated>0</truncated>
		<trafficLightColor>none</trafficLightColor>
		<bndbox>
			<xmin>596</xmin>
			<ymin>275</ymin>
			<xmax>607</xmax>
			<ymax>287</ymax>
		</bndbox>
	</object>
	<object>
		<name>traffic sign</name>
		<occluded>0</occluded>
		<truncated>0</truncated>
		<trafficLightColor>none</trafficLightColor>
		<bndbox>
			<xmin>822</xmin>
			<ymin>257</ymin>
			<xmax>864</xmax>
			<ymax>271</ymax>
		</bndbox>
	</object>
	<object>
		<name>traffic sign</name>
		<occluded>0</occluded>
		<truncated>0</truncated>
		<trafficLightColor>none</trafficLightColor>
		<bndbox>
			<xmin>820</xmin>
			<ymin>272</ymin>
			<xmax>859</xmax>
			<ymax>306</ymax>
		</bndbox>
	</object>
	<object>
		<name>traffic sign</name>
		<occluded>0</occluded>
		<truncated>0</truncated>
		<trafficLightColor>none</trafficLightColor>
		<bndbox>
			<xmin>1138</xmin>
			<ymin>163</ymin>
			<xmax>1173</xmax>
			<ymax>188</ymax>
		</bndbox>
	</object>
	<object>
		<name>person</name>
		<occluded>1</occluded>
		<truncated>0</truncated>
		<trafficLightColor>none</trafficLightColor>
		<bndbox>
			<xmin>1059</xmin>
			<ymin>311</ymin>
			<xmax>1093</xmax>
			<ymax>350</ymax>
		</bndbox>
	</object>
	<object>
		<name>car</name>
		<occluded>1</occluded>
		<truncated>0</truncated>
		<trafficLightColor>none</trafficLightColor>
		<bndbox>
			<xmin>410</xmin>
			<ymin>348</ymin>
			<xmax>465</xmax>
			<ymax>388</ymax>
		</bndbox>
	</object>
	<object>
		<name>person</name>
		<occluded>1</occluded>
		<truncated>0</truncated>
		<trafficLightColor>none</trafficLightColor>
		<bndbox>
			<xmin>259</xmin>
			<ymin>324</ymin>
			<xmax>275</xmax>
			<ymax>346</ymax>
		</bndbox>
	</object>
	<object>
		<name>person</name>
		<occluded>1</occluded>
		<truncated>0</truncated>
		<trafficLightColor>none</trafficLightColor>
		<bndbox>
			<xmin>229</xmin>
			<ymin>314</ymin>
			<xmax>246</xmax>
			<ymax>345</ymax>
		</bndbox>
	</object>
	<object>
		<name>person</name>
		<occluded>1</occluded>
		<truncated>0</truncated>
		<trafficLightColor>none</trafficLightColor>
		<bndbox>
			<xmin>202</xmin>
			<ymin>312</ymin>
			<xmax>221</xmax>
			<ymax>338</ymax>
		</bndbox>
	</object>
	<object>
		<name>traffic sign</name>
		<occluded>1</occluded>
		<truncated>0</truncated>
		<trafficLightColor>none</trafficLightColor>
		<bndbox>
			<xmin>154</xmin>
			<ymin>268</ymin>
			<xmax>208</xmax>
			<ymax>286</ymax>
		</bndbox>
	</object>
	<object>
		<name>car</name>
		<occluded>1</occluded>
		<truncated>0</truncated>
		<trafficLightColor>none</trafficLightColor>
		<bndbox>
			<xmin>275</xmin>
			<ymin>329</ymin>
			<xmax>440</xmax>
			<ymax>454</ymax>
		</bndbox>
	</object>
	<object>
		<name>car</name>
		<occluded>0</occluded>
		<truncated>1</truncated>
		<trafficLightColor>none</trafficLightColor>
		<bndbox>
			<xmin>1</xmin>
			<ymin>492</ymin>
			<xmax>124</xmax>
			<ymax>693</ymax>
		</bndbox>
	</object>
	<object>
		<name>car</name>
		<occluded>1</occluded>
		<truncated>1</truncated>
		<trafficLightColor>none</trafficLightColor>
		<bndbox>
			<xmin>0</xmin>
			<ymin>344</ymin>
			<xmax>354</xmax>
			<ymax>584</ymax>
		</bndbox>
	</object>
	<object>
		<name>car</name>
		<occluded>1</occluded>
		<truncated>0</truncated>
		<trafficLightColor>none</trafficLightColor>
		<bndbox>
			<xmin>737</xmin>
			<ymin>325</ymin>
			<xmax>862</xmax>
			<ymax>417</ymax>
		</bndbox>
	</object>
	<object>
		<name>car</name>
		<occluded>1</occluded>
		<truncated>0</truncated>
		<trafficLightColor>none</trafficLightColor>
		<bndbox>
			<xmin>817</xmin>
			<ymin>314</ymin>
			<xmax>1051</xmax>
			<ymax>461</ymax>
		</bndbox>
	</object>
	<object>
		<name>car</name>
		<occluded>0</occluded>
		<truncated>1</truncated>
		<trafficLightColor>none</trafficLightColor>
		<bndbox>
			<xmin>958</xmin>
			<ymin>333</ymin>
			<xmax>1278</xmax>
			<ymax>558</ymax>
		</bndbox>
	</object>
</annotation>
