<?xml version="1.0" ?>
<annotation>
	<folder>train</folder>
	<filename>00a2f5b6-d4217a96.jpg</filename>
	<size>
		<width>1280</width>
		<height>720</height>
		<depth>3</depth>
	</size>
	<weather>overcast</weather>
	<scene>city street</scene>
	<timeofday>daytime</timeofday>
	<object>
		<name>car</name>
		<occluded>1</occluded>
		<truncated>0</truncated>
		<trafficLightColor>none</trafficLightColor>
		<bndbox>
			<xmin>204</xmin>
			<ymin>311</ymin>
			<xmax>226</xmax>
			<ymax>348</ymax>
		</bndbox>
	</object>
	<object>
		<name>car</name>
		<occluded>1</occluded>
		<truncated>0</truncated>
		<trafficLightColor>none</trafficLightColor>
		<bndbox>
			<xmin>80</xmin>
			<ymin>298</ymin>
			<xmax>180</xmax>
			<ymax>360</ymax>
		</bndbox>
	</object>
	<object>
		<name>car</name>
		<occluded>0</occluded>
		<truncated>1</truncated>
		<trafficLightColor>none</trafficLightColor>
		<bndbox>
			<xmin>0</xmin>
			<ymin>305</ymin>
			<xmax>107</xmax>
			<ymax>370</ymax>
		</bndbox>
	</object>
	<object>
		<name>truck</name>
		<occluded>0</occluded>
		<truncated>0</truncated>
		<trafficLightColor>none</trafficLightColor>
		<bndbox>
			<xmin>214</xmin>
			<ymin>240</ymin>
			<xmax>332</xmax>
			<ymax>355</ymax>
		</bndbox>
	</object>
	<object>
		<name>truck</name>
		<occluded>1</occluded>
		<truncated>0</truncated>
		<trafficLightColor>none</trafficLightColor>
		<bndbox>
			<xmin>587</xmin>
			<ymin>291</ymin>
			<xmax>614</xmax>
			<ymax>313</ymax>
		</bndbox>
	</object>
	<object>
		<name>car</name>
		<occluded>1</occluded>
		<truncated>0</truncated>
		<trafficLightColor>none</trafficLightColor>
		<bndbox>
			<xmin>588</xmin>
			<ymin>310</ymin>
			<xmax>622</xmax>
			<ymax>335</ymax>
		</bndbox>
	</object>
	<object>
		<name>car</name>
		<occluded>1</occluded>
		<truncated>0</truncated>
		<trafficLightColor>none</trafficLightColor>
		<bndbox>
			<xmin>620</xmin>
			<ymin>306</ymin>
			<xmax>669</xmax>
			<ymax>348</ymax>
		</bndbox>
	</object>
	<object>
		<name>car</name>
		<occluded>1</occluded>
		<truncated>0</truncated>
		<trafficLightColor>none</trafficLightColor>
		<bndbox>
			<xmin>634</xmin>
			<ymin>311</ymin>
			<xmax>700</xmax>
			<ymax>357</ymax>
		</bndbox>
	</object>
	<object>
		<name>car</name>
		<occluded>1</occluded>
		<truncated>0</truncated>
		<trafficLightColor>none</trafficLightColor>
		<bndbox>
			<xmin>1008</xmin>
			<ymin>290</ymin>
			<xmax>1234</xmax>
			<ymax>477</ymax>
		</bndbox>
	</object>
	<object>
		<name>car</name>
		<occluded>0</occluded>
		<truncated>1</truncated>
		<trafficLightColor>none</trafficLightColor>
		<bndbox>
			<xmin>669</xmin>
			<ymin>259</ymin>
			<xmax>1122</xmax>
			<ymax>543</ymax>
		</bndbox>
	</object>
	<object>
		<name>car</name>
		<occluded>0</occluded>
		<truncated>1</truncated>
		<trafficLightColor>none</trafficLightColor>
		<bndbox>
			<xmin>1135</xmin>
			<ymin>307</ymin>
			<xmax>1279</xmax>
			<ymax>532</ymax>
		</bndbox>
	</object>
	<object>
		<name>car</name>
		<occluded>0</occluded>
		<truncated>0</truncated>
		<trafficLightColor>none</trafficLightColor>
		<bndbox>
			<xmin>300</xmin>
			<ymin>220</ymin>
			<xmax>595</xmax>
			<ymax>483</ymax>
		</bndbox>
	</object>
	<object>
		<name>person</name>
		<occluded>1</occluded>
		<truncated>0</truncated>
		<trafficLightColor>none</trafficLightColor>
		<bndbox>
			<xmin>1092</xmin>
			<ymin>273</ymin>
			<xmax>1111</xmax>
			<ymax>295</ymax>
		</bndbox>
	</object>
	<object>
		<name>person</name>
		<occluded>1</occluded>
		<truncated>0</truncated>
		<trafficLightColor>none</trafficLightColor>
		<bndbox>
			<xmin>1122</xmin>
			<ymin>273</ymin>
			<xmax>1141</xmax>
			<ymax>296</ymax>
		</bndbox>
	</object>
	<object>
		<name>car</name>
		<occluded>0</occluded>
		<truncated>1</truncated>
		<trafficLightColor>none</trafficLightColor>
		<bndbox>
			<xmin>1141</xmin>
			<ymin>266</ymin>
			<xmax>1186</xmax>
			<ymax>318</ymax>
		</bndbox>
	</object>
	<object>
		<name>person</name>
		<occluded>1</occluded>
		<truncated>1</truncated>
		<trafficLightColor>none</trafficLightColor>
		<bndbox>
			<xmin>1251</xmin>
			<ymin>280</ymin>
			<xmax>1278</xmax>
			<ymax>339</ymax>
		</bndbox>
	</object>
	<object>
		<name>traffic sign</name>
		<occluded>0</occluded>
		<truncated>0</truncated>
		<trafficLightColor>none</trafficLightColor>
		<bndbox>
			<xmin>713</xmin>
			<ymin>251</ymin>
			<xmax>742</xmax>
			<ymax>261</ymax>
		</bndbox>
	</object>
	<object>
		<name>traffic sign</name>
		<occluded>0</occluded>
		<truncated>0</truncated>
		<trafficLightColor>none</trafficLightColor>
		<bndbox>
			<xmin>722</xmin>
			<ymin>268</ymin>
			<xmax>739</xmax>
			<ymax>281</ymax>
		</bndbox>
	</object>
	<object>
		<name>traffic sign</name>
		<occluded>0</occluded>
		<truncated>0</truncated>
		<trafficLightColor>none</trafficLightColor>
		<bndbox>
			<xmin>1004</xmin>
			<ymin>199</ymin>
			<xmax>1042</xmax>
			<ymax>224</ymax>
		</bndbox>
	</object>
	<object>
		<name>traffic light</name>
		<occluded>0</occluded>
		<truncated>1</truncated>
		<trafficLightColor>none</trafficLightColor>
		<bndbox>
			<xmin>64</xmin>
			<ymin>3</ymin>
			<xmax>91</xmax>
			<ymax>43</ymax>
		</bndbox>
	</object>
	<object>
		<name>traffic light</name>
		<occluded>0</occluded>
		<truncated>0</truncated>
		<trafficLightColor>red</trafficLightColor>
		<bndbox>
			<xmin>548</xmin>
			<ymin>177</ymin>
			<xmax>556</xmax>
			<ymax>202</ymax>
		</bndbox>
	</object>
	<object>
		<name>traffic light</name>
		<occluded>0</occluded>
		<truncated>0</truncated>
		<trafficLightColor>red</trafficLightColor>
		<bndbox>
			<xmin>722</xmin>
			<ymin>188</ymin>
			<xmax>739</xmax>
			<ymax>224</ymax>
		</bndbox>
	</object>
	<object>
		<name>traffic light</name>
		<occluded>0</occluded>
		<truncated>0</truncated>
		<trafficLightColor>red</trafficLightColor>
		<bndbox>
			<xmin>923</xmin>
			<ymin>119</ymin>
			<xmax>944</xmax>
			<ymax>182</ymax>
		</bndbox>
	</object>
	<object>
		<name>traffic light</name>
		<occluded>0</occluded>
		<truncated>0</truncated>
		<trafficLightColor>none</trafficLightColor>
		<bndbox>
			<xmin>933</xmin>
			<ymin>224</ymin>
			<xmax>969</xmax>
			<ymax>256</ymax>
		</bndbox>
	</object>
	<object>
		<name>traffic light</name>
		<occluded>0</occluded>
		<truncated>0</truncated>
		<trafficLightColor>none</trafficLightColor>
		<bndbox>
			<xmin>209</xmin>
			<ymin>267</ymin>
			<xmax>231</xmax>
			<ymax>287</ymax>
		</bndbox>
	</object>
	<object>
		<name>traffic light</name>
		<occluded>0</occluded>
		<truncated>0</truncated>
		<trafficLightColor>none</trafficLightColor>
		<bndbox>
			<xmin>636</xmin>
			<ymin>284</ymin>
			<xmax>656</xmax>
			<ymax>301</ymax>
		</bndbox>
	</object>
</annotation>
