<?xml version="1.0" ?>
<annotation>
	<folder>train</folder>
	<filename>00a820ef-d655700e.jpg</filename>
	<size>
		<width>1280</width>
		<height>720</height>
		<depth>3</depth>
	</size>
	<weather>clear</weather>
	<scene>highway</scene>
	<timeofday>daytime</timeofday>
	<object>
		<name>car</name>
		<occluded>1</occluded>
		<truncated>0</truncated>
		<trafficLightColor>none</trafficLightColor>
		<bndbox>
			<xmin>479</xmin>
			<ymin>371</ymin>
			<xmax>490</xmax>
			<ymax>383</ymax>
		</bndbox>
	</object>
	<object>
		<name>car</name>
		<occluded>1</occluded>
		<truncated>0</truncated>
		<trafficLightColor>none</trafficLightColor>
		<bndbox>
			<xmin>600</xmin>
			<ymin>363</ymin>
			<xmax>610</xmax>
			<ymax>375</ymax>
		</bndbox>
	</object>
	<object>
		<name>car</name>
		<occluded>1</occluded>
		<truncated>0</truncated>
		<trafficLightColor>none</trafficLightColor>
		<bndbox>
			<xmin>606</xmin>
			<ymin>366</ymin>
			<xmax>617</xmax>
			<ymax>381</ymax>
		</bndbox>
	</object>
	<object>
		<name>car</name>
		<occluded>1</occluded>
		<truncated>0</truncated>
		<trafficLightColor>none</trafficLightColor>
		<bndbox>
			<xmin>614</xmin>
			<ymin>367</ymin>
			<xmax>625</xmax>
			<ymax>383</ymax>
		</bndbox>
	</object>
	<object>
		<name>car</name>
		<occluded>1</occluded>
		<truncated>0</truncated>
		<trafficLightColor>none</trafficLightColor>
		<bndbox>
			<xmin>624</xmin>
			<ymin>367</ymin>
			<xmax>641</xmax>
			<ymax>385</ymax>
		</bndbox>
	</object>
	<object>
		<name>car</name>
		<occluded>1</occluded>
		<truncated>0</truncated>
		<trafficLightColor>none</trafficLightColor>
		<bndbox>
			<xmin>667</xmin>
			<ymin>374</ymin>
			<xmax>686</xmax>
			<ymax>397</ymax>
		</bndbox>
	</object>
	<object>
		<name>car</name>
		<occluded>1</occluded>
		<truncated>0</truncated>
		<trafficLightColor>none</trafficLightColor>
		<bndbox>
			<xmin>675</xmin>
			<ymin>376</ymin>
			<xmax>722</xmax>
			<ymax>399</ymax>
		</bndbox>
	</object>
	<object>
		<name>car</name>
		<occluded>1</occluded>
		<truncated>0</truncated>
		<trafficLightColor>none</trafficLightColor>
		<bndbox>
			<xmin>892</xmin>
			<ymin>362</ymin>
			<xmax>1011</xmax>
			<ymax>468</ymax>
		</bndbox>
	</object>
	<object>
		<name>car</name>
		<occluded>0</occluded>
		<truncated>0</truncated>
		<trafficLightColor>none</trafficLightColor>
		<bndbox>
			<xmin>496</xmin>
			<ymin>371</ymin>
			<xmax>512</xmax>
			<ymax>384</ymax>
		</bndbox>
	</object>
	<object>
		<name>car</name>
		<occluded>0</occluded>
		<truncated>0</truncated>
		<trafficLightColor>none</trafficLightColor>
		<bndbox>
			<xmin>433</xmin>
			<ymin>371</ymin>
			<xmax>454</xmax>
			<ymax>392</ymax>
		</bndbox>
	</object>
	<object>
		<name>car</name>
		<occluded>0</occluded>
		<truncated>0</truncated>
		<trafficLightColor>none</trafficLightColor>
		<bndbox>
			<xmin>383</xmin>
			<ymin>365</ymin>
			<xmax>425</xmax>
			<ymax>397</ymax>
		</bndbox>
	</object>
	<object>
		<name>car</name>
		<occluded>1</occluded>
		<truncated>0</truncated>
		<trafficLightColor>none</trafficLightColor>
		<bndbox>
			<xmin>423</xmin>
			<ymin>373</ymin>
			<xmax>441</xmax>
			<ymax>388</ymax>
		</bndbox>
	</object>
	<object>
		<name>car</name>
		<occluded>0</occluded>
		<truncated>0</truncated>
		<trafficLightColor>none</trafficLightColor>
		<bndbox>
			<xmin>588</xmin>
			<ymin>364</ymin>
			<xmax>604</xmax>
			<ymax>381</ymax>
		</bndbox>
	</object>
	<object>
		<name>car</name>
		<occluded>0</occluded>
		<truncated>0</truncated>
		<trafficLightColor>none</trafficLightColor>
		<bndbox>
			<xmin>631</xmin>
			<ymin>370</ymin>
			<xmax>661</xmax>
			<ymax>388</ymax>
		</bndbox>
	</object>
	<object>
		<name>car</name>
		<occluded>0</occluded>
		<truncated>0</truncated>
		<trafficLightColor>none</trafficLightColor>
		<bndbox>
			<xmin>710</xmin>
			<ymin>349</ymin>
			<xmax>905</xmax>
			<ymax>491</ymax>
		</bndbox>
	</object>
	<object>
		<name>car</name>
		<occluded>0</occluded>
		<truncated>1</truncated>
		<trafficLightColor>none</trafficLightColor>
		<bndbox>
			<xmin>1</xmin>
			<ymin>386</ymin>
			<xmax>99</xmax>
			<ymax>453</ymax>
		</bndbox>
	</object>
	<object>
		<name>car</name>
		<occluded>0</occluded>
		<truncated>1</truncated>
		<trafficLightColor>none</trafficLightColor>
		<bndbox>
			<xmin>1241</xmin>
			<ymin>456</ymin>
			<xmax>1278</xmax>
			<ymax>575</ymax>
		</bndbox>
	</object>
	<object>
		<name>car</name>
		<occluded>1</occluded>
		<truncated>0</truncated>
		<trafficLightColor>none</trafficLightColor>
		<bndbox>
			<xmin>129</xmin>
			<ymin>375</ymin>
			<xmax>195</xmax>
			<ymax>404</ymax>
		</bndbox>
	</object>
	<object>
		<name>car</name>
		<occluded>0</occluded>
		<truncated>0</truncated>
		<trafficLightColor>none</trafficLightColor>
		<bndbox>
			<xmin>466</xmin>
			<ymin>372</ymin>
			<xmax>481</xmax>
			<ymax>386</ymax>
		</bndbox>
	</object>
	<object>
		<name>car</name>
		<occluded>1</occluded>
		<truncated>0</truncated>
		<trafficLightColor>none</trafficLightColor>
		<bndbox>
			<xmin>513</xmin>
			<ymin>369</ymin>
			<xmax>519</xmax>
			<ymax>380</ymax>
		</bndbox>
	</object>
	<object>
		<name>car</name>
		<occluded>1</occluded>
		<truncated>0</truncated>
		<trafficLightColor>none</trafficLightColor>
		<bndbox>
			<xmin>519</xmin>
			<ymin>368</ymin>
			<xmax>528</xmax>
			<ymax>378</ymax>
		</bndbox>
	</object>
	<object>
		<name>car</name>
		<occluded>0</occluded>
		<truncated>0</truncated>
		<trafficLightColor>none</trafficLightColor>
		<bndbox>
			<xmin>536</xmin>
			<ymin>365</ymin>
			<xmax>545</xmax>
			<ymax>377</ymax>
		</bndbox>
	</object>
	<object>
		<name>car</name>
		<occluded>0</occluded>
		<truncated>0</truncated>
		<trafficLightColor>none</trafficLightColor>
		<bndbox>
			<xmin>547</xmin>
			<ymin>363</ymin>
			<xmax>561</xmax>
			<ymax>377</ymax>
		</bndbox>
	</object>
</annotation>
