<?xml version="1.0" ?>
<annotation>
	<folder>train</folder>
	<filename>00ac3256-0f8e2cda.jpg</filename>
	<size>
		<width>1280</width>
		<height>720</height>
		<depth>3</depth>
	</size>
	<weather>undefined</weather>
	<scene>residential</scene>
	<timeofday>daytime</timeofday>
	<object>
		<name>bike</name>
		<occluded>0</occluded>
		<truncated>0</truncated>
		<trafficLightColor>none</trafficLightColor>
		<bndbox>
			<xmin>901</xmin>
			<ymin>536</ymin>
			<xmax>1002</xmax>
			<ymax>605</ymax>
		</bndbox>
	</object>
	<object>
		<name>bike</name>
		<occluded>0</occluded>
		<truncated>0</truncated>
		<trafficLightColor>none</trafficLightColor>
		<bndbox>
			<xmin>735</xmin>
			<ymin>460</ymin>
			<xmax>827</xmax>
			<ymax>564</ymax>
		</bndbox>
	</object>
	<object>
		<name>bike</name>
		<occluded>1</occluded>
		<truncated>0</truncated>
		<trafficLightColor>none</trafficLightColor>
		<bndbox>
			<xmin>583</xmin>
			<ymin>433</ymin>
			<xmax>646</xmax>
			<ymax>513</ymax>
		</bndbox>
	</object>
	<object>
		<name>bike</name>
		<occluded>1</occluded>
		<truncated>0</truncated>
		<trafficLightColor>none</trafficLightColor>
		<bndbox>
			<xmin>600</xmin>
			<ymin>445</ymin>
			<xmax>686</xmax>
			<ymax>529</ymax>
		</bndbox>
	</object>
	<object>
		<name>bike</name>
		<occluded>1</occluded>
		<truncated>0</truncated>
		<trafficLightColor>none</trafficLightColor>
		<bndbox>
			<xmin>636</xmin>
			<ymin>442</ymin>
			<xmax>735</xmax>
			<ymax>539</ymax>
		</bndbox>
	</object>
	<object>
		<name>car</name>
		<occluded>0</occluded>
		<truncated>0</truncated>
		<trafficLightColor>none</trafficLightColor>
		<bndbox>
			<xmin>82</xmin>
			<ymin>400</ymin>
			<xmax>106</xmax>
			<ymax>416</ymax>
		</bndbox>
	</object>
	<object>
		<name>car</name>
		<occluded>0</occluded>
		<truncated>0</truncated>
		<trafficLightColor>none</trafficLightColor>
		<bndbox>
			<xmin>11</xmin>
			<ymin>403</ymin>
			<xmax>38</xmax>
			<ymax>417</ymax>
		</bndbox>
	</object>
	<object>
		<name>car</name>
		<occluded>0</occluded>
		<truncated>0</truncated>
		<trafficLightColor>none</trafficLightColor>
		<bndbox>
			<xmin>112</xmin>
			<ymin>400</ymin>
			<xmax>140</xmax>
			<ymax>416</ymax>
		</bndbox>
	</object>
	<object>
		<name>car</name>
		<occluded>0</occluded>
		<truncated>0</truncated>
		<trafficLightColor>none</trafficLightColor>
		<bndbox>
			<xmin>140</xmin>
			<ymin>400</ymin>
			<xmax>155</xmax>
			<ymax>416</ymax>
		</bndbox>
	</object>
	<object>
		<name>car</name>
		<occluded>0</occluded>
		<truncated>0</truncated>
		<trafficLightColor>none</trafficLightColor>
		<bndbox>
			<xmin>155</xmin>
			<ymin>403</ymin>
			<xmax>166</xmax>
			<ymax>413</ymax>
		</bndbox>
	</object>
	<object>
		<name>person</name>
		<occluded>1</occluded>
		<truncated>0</truncated>
		<trafficLightColor>none</trafficLightColor>
		<bndbox>
			<xmin>499</xmin>
			<ymin>390</ymin>
			<xmax>510</xmax>
			<ymax>423</ymax>
		</bndbox>
	</object>
	<object>
		<name>person</name>
		<occluded>1</occluded>
		<truncated>0</truncated>
		<trafficLightColor>none</trafficLightColor>
		<bndbox>
			<xmin>520</xmin>
			<ymin>389</ymin>
			<xmax>532</xmax>
			<ymax>418</ymax>
		</bndbox>
	</object>
	<object>
		<name>person</name>
		<occluded>1</occluded>
		<truncated>0</truncated>
		<trafficLightColor>none</trafficLightColor>
		<bndbox>
			<xmin>511</xmin>
			<ymin>389</ymin>
			<xmax>519</xmax>
			<ymax>421</ymax>
		</bndbox>
	</object>
	<object>
		<name>person</name>
		<occluded>1</occluded>
		<truncated>0</truncated>
		<trafficLightColor>none</trafficLightColor>
		<bndbox>
			<xmin>505</xmin>
			<ymin>410</ymin>
			<xmax>538</xmax>
			<ymax>471</ymax>
		</bndbox>
	</object>
	<object>
		<name>person</name>
		<occluded>1</occluded>
		<truncated>0</truncated>
		<trafficLightColor>none</trafficLightColor>
		<bndbox>
			<xmin>534</xmin>
			<ymin>405</ymin>
			<xmax>574</xmax>
			<ymax>482</ymax>
		</bndbox>
	</object>
	<object>
		<name>person</name>
		<occluded>1</occluded>
		<truncated>0</truncated>
		<trafficLightColor>none</trafficLightColor>
		<bndbox>
			<xmin>388</xmin>
			<ymin>396</ymin>
			<xmax>398</xmax>
			<ymax>423</ymax>
		</bndbox>
	</object>
	<object>
		<name>bike</name>
		<occluded>1</occluded>
		<truncated>0</truncated>
		<trafficLightColor>none</trafficLightColor>
		<bndbox>
			<xmin>742</xmin>
			<ymin>423</ymin>
			<xmax>841</xmax>
			<ymax>563</ymax>
		</bndbox>
	</object>
</annotation>
