<?xml version="1.0" ?>
<annotation>
	<folder>train</folder>
	<filename>00b04b12-a7d7eb85.jpg</filename>
	<size>
		<width>1280</width>
		<height>720</height>
		<depth>3</depth>
	</size>
	<weather>clear</weather>
	<scene>city street</scene>
	<timeofday>night</timeofday>
	<object>
		<name>traffic light</name>
		<occluded>0</occluded>
		<truncated>0</truncated>
		<trafficLightColor>red</trafficLightColor>
		<bndbox>
			<xmin>518</xmin>
			<ymin>246</ymin>
			<xmax>533</xmax>
			<ymax>274</ymax>
		</bndbox>
	</object>
	<object>
		<name>traffic light</name>
		<occluded>0</occluded>
		<truncated>0</truncated>
		<trafficLightColor>red</trafficLightColor>
		<bndbox>
			<xmin>943</xmin>
			<ymin>220</ymin>
			<xmax>962</xmax>
			<ymax>247</ymax>
		</bndbox>
	</object>
	<object>
		<name>traffic light</name>
		<occluded>0</occluded>
		<truncated>0</truncated>
		<trafficLightColor>yellow</trafficLightColor>
		<bndbox>
			<xmin>968</xmin>
			<ymin>230</ymin>
			<xmax>1006</xmax>
			<ymax>267</ymax>
		</bndbox>
	</object>
	<object>
		<name>traffic sign</name>
		<occluded>0</occluded>
		<truncated>0</truncated>
		<trafficLightColor>none</trafficLightColor>
		<bndbox>
			<xmin>966</xmin>
			<ymin>190</ymin>
			<xmax>1012</xmax>
			<ymax>227</ymax>
		</bndbox>
	</object>
	<object>
		<name>traffic light</name>
		<occluded>0</occluded>
		<truncated>0</truncated>
		<trafficLightColor>red</trafficLightColor>
		<bndbox>
			<xmin>371</xmin>
			<ymin>319</ymin>
			<xmax>386</xmax>
			<ymax>335</ymax>
		</bndbox>
	</object>
	<object>
		<name>traffic light</name>
		<occluded>0</occluded>
		<truncated>0</truncated>
		<trafficLightColor>red</trafficLightColor>
		<bndbox>
			<xmin>865</xmin>
			<ymin>335</ymin>
			<xmax>877</xmax>
			<ymax>346</ymax>
		</bndbox>
	</object>
	<object>
		<name>car</name>
		<occluded>1</occluded>
		<truncated>0</truncated>
		<trafficLightColor>none</trafficLightColor>
		<bndbox>
			<xmin>552</xmin>
			<ymin>367</ymin>
			<xmax>613</xmax>
			<ymax>404</ymax>
		</bndbox>
	</object>
	<object>
		<name>car</name>
		<occluded>1</occluded>
		<truncated>0</truncated>
		<trafficLightColor>none</trafficLightColor>
		<bndbox>
			<xmin>555</xmin>
			<ymin>359</ymin>
			<xmax>822</xmax>
			<ymax>455</ymax>
		</bndbox>
	</object>
	<object>
		<name>car</name>
		<occluded>0</occluded>
		<truncated>1</truncated>
		<trafficLightColor>none</trafficLightColor>
		<bndbox>
			<xmin>782</xmin>
			<ymin>304</ymin>
			<xmax>1280</xmax>
			<ymax>646</ymax>
		</bndbox>
	</object>
	<object>
		<name>traffic sign</name>
		<occluded>1</occluded>
		<truncated>0</truncated>
		<trafficLightColor>none</trafficLightColor>
		<bndbox>
			<xmin>957</xmin>
			<ymin>279</ymin>
			<xmax>1006</xmax>
			<ymax>309</ymax>
		</bndbox>
	</object>
	<object>
		<name>car</name>
		<occluded>0</occluded>
		<truncated>0</truncated>
		<trafficLightColor>none</trafficLightColor>
		<bndbox>
			<xmin>311</xmin>
			<ymin>322</ymin>
			<xmax>584</xmax>
			<ymax>553</ymax>
		</bndbox>
	</object>
	<object>
		<name>car</name>
		<occluded>0</occluded>
		<truncated>1</truncated>
		<trafficLightColor>none</trafficLightColor>
		<bndbox>
			<xmin>0</xmin>
			<ymin>332</ymin>
			<xmax>219</xmax>
			<ymax>547</ymax>
		</bndbox>
	</object>
	<object>
		<name>traffic light</name>
		<occluded>0</occluded>
		<truncated>0</truncated>
		<trafficLightColor>none</trafficLightColor>
		<bndbox>
			<xmin>158</xmin>
			<ymin>246</ymin>
			<xmax>175</xmax>
			<ymax>287</ymax>
		</bndbox>
	</object>
	<object>
		<name>traffic light</name>
		<occluded>0</occluded>
		<truncated>0</truncated>
		<trafficLightColor>red</trafficLightColor>
		<bndbox>
			<xmin>862</xmin>
			<ymin>201</ymin>
			<xmax>887</xmax>
			<ymax>245</ymax>
		</bndbox>
	</object>
	<object>
		<name>traffic light</name>
		<occluded>1</occluded>
		<truncated>0</truncated>
		<trafficLightColor>red</trafficLightColor>
		<bndbox>
			<xmin>962</xmin>
			<ymin>81</ymin>
			<xmax>1014</xmax>
			<ymax>157</ymax>
		</bndbox>
	</object>
</annotation>
