<?xml version="1.0" ?>
<annotation>
	<folder>train</folder>
	<filename>00b4c5fc-8fcf3628.jpg</filename>
	<size>
		<width>1280</width>
		<height>720</height>
		<depth>3</depth>
	</size>
	<weather>clear</weather>
	<scene>highway</scene>
	<timeofday>night</timeofday>
	<object>
		<name>traffic light</name>
		<occluded>0</occluded>
		<truncated>0</truncated>
		<trafficLightColor>green</trafficLightColor>
		<bndbox>
			<xmin>541</xmin>
			<ymin>329</ymin>
			<xmax>552</xmax>
			<ymax>347</ymax>
		</bndbox>
	</object>
	<object>
		<name>traffic light</name>
		<occluded>0</occluded>
		<truncated>0</truncated>
		<trafficLightColor>green</trafficLightColor>
		<bndbox>
			<xmin>604</xmin>
			<ymin>317</ymin>
			<xmax>619</xmax>
			<ymax>336</ymax>
		</bndbox>
	</object>
	<object>
		<name>traffic light</name>
		<occluded>0</occluded>
		<truncated>0</truncated>
		<trafficLightColor>green</trafficLightColor>
		<bndbox>
			<xmin>568</xmin>
			<ymin>374</ymin>
			<xmax>580</xmax>
			<ymax>388</ymax>
		</bndbox>
	</object>
	<object>
		<name>traffic light</name>
		<occluded>0</occluded>
		<truncated>0</truncated>
		<trafficLightColor>green</trafficLightColor>
		<bndbox>
			<xmin>670</xmin>
			<ymin>337</ymin>
			<xmax>685</xmax>
			<ymax>354</ymax>
		</bndbox>
	</object>
	<object>
		<name>traffic sign</name>
		<occluded>1</occluded>
		<truncated>0</truncated>
		<trafficLightColor>none</trafficLightColor>
		<bndbox>
			<xmin>600</xmin>
			<ymin>344</ymin>
			<xmax>651</xmax>
			<ymax>368</ymax>
		</bndbox>
	</object>
	<object>
		<name>car</name>
		<occluded>0</occluded>
		<truncated>0</truncated>
		<trafficLightColor>none</trafficLightColor>
		<bndbox>
			<xmin>607</xmin>
			<ymin>374</ymin>
			<xmax>643</xmax>
			<ymax>396</ymax>
		</bndbox>
	</object>
</annotation>
