<?xml version="1.0" ?>
<annotation>
	<folder>train</folder>
	<filename>00b56f41-e0e5d918.jpg</filename>
	<size>
		<width>1280</width>
		<height>720</height>
		<depth>3</depth>
	</size>
	<weather>rainy</weather>
	<scene>city street</scene>
	<timeofday>night</timeofday>
	<object>
		<name>traffic light</name>
		<occluded>0</occluded>
		<truncated>0</truncated>
		<trafficLightColor>red</trafficLightColor>
		<bndbox>
			<xmin>534</xmin>
			<ymin>529</ymin>
			<xmax>549</xmax>
			<ymax>541</ymax>
		</bndbox>
	</object>
	<object>
		<name>traffic light</name>
		<occluded>0</occluded>
		<truncated>0</truncated>
		<trafficLightColor>red</trafficLightColor>
		<bndbox>
			<xmin>527</xmin>
			<ymin>543</ymin>
			<xmax>541</xmax>
			<ymax>555</ymax>
		</bndbox>
	</object>
	<object>
		<name>traffic light</name>
		<occluded>0</occluded>
		<truncated>0</truncated>
		<trafficLightColor>red</trafficLightColor>
		<bndbox>
			<xmin>543</xmin>
			<ymin>541</ymin>
			<xmax>553</xmax>
			<ymax>555</ymax>
		</bndbox>
	</object>
	<object>
		<name>traffic light</name>
		<occluded>0</occluded>
		<truncated>0</truncated>
		<trafficLightColor>red</trafficLightColor>
		<bndbox>
			<xmin>573</xmin>
			<ymin>540</ymin>
			<xmax>589</xmax>
			<ymax>552</ymax>
		</bndbox>
	</object>
	<object>
		<name>traffic light</name>
		<occluded>0</occluded>
		<truncated>0</truncated>
		<trafficLightColor>red</trafficLightColor>
		<bndbox>
			<xmin>473</xmin>
			<ymin>525</ymin>
			<xmax>495</xmax>
			<ymax>543</ymax>
		</bndbox>
	</object>
	<object>
		<name>car</name>
		<occluded>0</occluded>
		<truncated>0</truncated>
		<trafficLightColor>none</trafficLightColor>
		<bndbox>
			<xmin>671</xmin>
			<ymin>531</ymin>
			<xmax>740</xmax>
			<ymax>586</ymax>
		</bndbox>
	</object>
	<object>
		<name>traffic sign</name>
		<occluded>0</occluded>
		<truncated>0</truncated>
		<trafficLightColor>none</trafficLightColor>
		<bndbox>
			<xmin>331</xmin>
			<ymin>532</ymin>
			<xmax>353</xmax>
			<ymax>553</ymax>
		</bndbox>
	</object>
	<object>
		<name>car</name>
		<occluded>0</occluded>
		<truncated>0</truncated>
		<trafficLightColor>none</trafficLightColor>
		<bndbox>
			<xmin>575</xmin>
			<ymin>556</ymin>
			<xmax>600</xmax>
			<ymax>574</ymax>
		</bndbox>
	</object>
</annotation>
