<?xml version="1.0" ?>
<annotation>
	<folder>train</folder>
	<filename>00be7020-457a6db4.jpg</filename>
	<size>
		<width>1280</width>
		<height>720</height>
		<depth>3</depth>
	</size>
	<weather>partly cloudy</weather>
	<scene>city street</scene>
	<timeofday>daytime</timeofday>
	<object>
		<name>car</name>
		<occluded>1</occluded>
		<truncated>0</truncated>
		<trafficLightColor>none</trafficLightColor>
		<bndbox>
			<xmin>506</xmin>
			<ymin>309</ymin>
			<xmax>530</xmax>
			<ymax>326</ymax>
		</bndbox>
	</object>
	<object>
		<name>car</name>
		<occluded>1</occluded>
		<truncated>0</truncated>
		<trafficLightColor>none</trafficLightColor>
		<bndbox>
			<xmin>469</xmin>
			<ymin>306</ymin>
			<xmax>494</xmax>
			<ymax>314</ymax>
		</bndbox>
	</object>
	<object>
		<name>car</name>
		<occluded>1</occluded>
		<truncated>0</truncated>
		<trafficLightColor>none</trafficLightColor>
		<bndbox>
			<xmin>446</xmin>
			<ymin>313</ymin>
			<xmax>469</xmax>
			<ymax>329</ymax>
		</bndbox>
	</object>
	<object>
		<name>car</name>
		<occluded>1</occluded>
		<truncated>0</truncated>
		<trafficLightColor>none</trafficLightColor>
		<bndbox>
			<xmin>419</xmin>
			<ymin>303</ymin>
			<xmax>444</xmax>
			<ymax>332</ymax>
		</bndbox>
	</object>
	<object>
		<name>car</name>
		<occluded>1</occluded>
		<truncated>0</truncated>
		<trafficLightColor>none</trafficLightColor>
		<bndbox>
			<xmin>240</xmin>
			<ymin>304</ymin>
			<xmax>327</xmax>
			<ymax>364</ymax>
		</bndbox>
	</object>
	<object>
		<name>car</name>
		<occluded>1</occluded>
		<truncated>0</truncated>
		<trafficLightColor>none</trafficLightColor>
		<bndbox>
			<xmin>580</xmin>
			<ymin>303</ymin>
			<xmax>625</xmax>
			<ymax>335</ymax>
		</bndbox>
	</object>
	<object>
		<name>car</name>
		<occluded>1</occluded>
		<truncated>0</truncated>
		<trafficLightColor>none</trafficLightColor>
		<bndbox>
			<xmin>1003</xmin>
			<ymin>297</ymin>
			<xmax>1056</xmax>
			<ymax>317</ymax>
		</bndbox>
	</object>
	<object>
		<name>car</name>
		<occluded>1</occluded>
		<truncated>0</truncated>
		<trafficLightColor>none</trafficLightColor>
		<bndbox>
			<xmin>1024</xmin>
			<ymin>292</ymin>
			<xmax>1167</xmax>
			<ymax>359</ymax>
		</bndbox>
	</object>
	<object>
		<name>car</name>
		<occluded>0</occluded>
		<truncated>0</truncated>
		<trafficLightColor>none</trafficLightColor>
		<bndbox>
			<xmin>476</xmin>
			<ymin>315</ymin>
			<xmax>506</xmax>
			<ymax>335</ymax>
		</bndbox>
	</object>
	<object>
		<name>car</name>
		<occluded>0</occluded>
		<truncated>0</truncated>
		<trafficLightColor>none</trafficLightColor>
		<bndbox>
			<xmin>517</xmin>
			<ymin>304</ymin>
			<xmax>590</xmax>
			<ymax>355</ymax>
		</bndbox>
	</object>
	<object>
		<name>car</name>
		<occluded>0</occluded>
		<truncated>0</truncated>
		<trafficLightColor>none</trafficLightColor>
		<bndbox>
			<xmin>319</xmin>
			<ymin>291</ymin>
			<xmax>374</xmax>
			<ymax>344</ymax>
		</bndbox>
	</object>
	<object>
		<name>car</name>
		<occluded>0</occluded>
		<truncated>0</truncated>
		<trafficLightColor>none</trafficLightColor>
		<bndbox>
			<xmin>2</xmin>
			<ymin>266</ymin>
			<xmax>244</xmax>
			<ymax>406</ymax>
		</bndbox>
	</object>
	<object>
		<name>truck</name>
		<occluded>0</occluded>
		<truncated>0</truncated>
		<trafficLightColor>none</trafficLightColor>
		<bndbox>
			<xmin>620</xmin>
			<ymin>162</ymin>
			<xmax>1031</xmax>
			<ymax>445</ymax>
		</bndbox>
	</object>
	<object>
		<name>car</name>
		<occluded>0</occluded>
		<truncated>1</truncated>
		<trafficLightColor>none</trafficLightColor>
		<bndbox>
			<xmin>1075</xmin>
			<ymin>296</ymin>
			<xmax>1279</xmax>
			<ymax>427</ymax>
		</bndbox>
	</object>
	<object>
		<name>car</name>
		<occluded>0</occluded>
		<truncated>0</truncated>
		<trafficLightColor>none</trafficLightColor>
		<bndbox>
			<xmin>384</xmin>
			<ymin>306</ymin>
			<xmax>432</xmax>
			<ymax>338</ymax>
		</bndbox>
	</object>
	<object>
		<name>truck</name>
		<occluded>1</occluded>
		<truncated>0</truncated>
		<trafficLightColor>none</trafficLightColor>
		<bndbox>
			<xmin>31</xmin>
			<ymin>272</ymin>
			<xmax>84</xmax>
			<ymax>301</ymax>
		</bndbox>
	</object>
</annotation>
