<?xml version="1.0" ?>
<annotation>
	<folder>train</folder>
	<filename>00c29c52-f9524f1e.jpg</filename>
	<size>
		<width>1280</width>
		<height>720</height>
		<depth>3</depth>
	</size>
	<weather>overcast</weather>
	<scene>highway</scene>
	<timeofday>daytime</timeofday>
	<object>
		<name>car</name>
		<occluded>1</occluded>
		<truncated>0</truncated>
		<trafficLightColor>none</trafficLightColor>
		<bndbox>
			<xmin>312</xmin>
			<ymin>202</ymin>
			<xmax>397</xmax>
			<ymax>283</ymax>
		</bndbox>
	</object>
	<object>
		<name>car</name>
		<occluded>1</occluded>
		<truncated>0</truncated>
		<trafficLightColor>none</trafficLightColor>
		<bndbox>
			<xmin>490</xmin>
			<ymin>227</ymin>
			<xmax>504</xmax>
			<ymax>240</ymax>
		</bndbox>
	</object>
	<object>
		<name>bus</name>
		<occluded>1</occluded>
		<truncated>0</truncated>
		<trafficLightColor>none</trafficLightColor>
		<bndbox>
			<xmin>414</xmin>
			<ymin>200</ymin>
			<xmax>554</xmax>
			<ymax>245</ymax>
		</bndbox>
	</object>
	<object>
		<name>car</name>
		<occluded>0</occluded>
		<truncated>0</truncated>
		<trafficLightColor>none</trafficLightColor>
		<bndbox>
			<xmin>439</xmin>
			<ymin>225</ymin>
			<xmax>491</xmax>
			<ymax>247</ymax>
		</bndbox>
	</object>
	<object>
		<name>car</name>
		<occluded>0</occluded>
		<truncated>0</truncated>
		<trafficLightColor>none</trafficLightColor>
		<bndbox>
			<xmin>502</xmin>
			<ymin>224</ymin>
			<xmax>536</xmax>
			<ymax>248</ymax>
		</bndbox>
	</object>
	<object>
		<name>truck</name>
		<occluded>1</occluded>
		<truncated>0</truncated>
		<trafficLightColor>none</trafficLightColor>
		<bndbox>
			<xmin>543</xmin>
			<ymin>200</ymin>
			<xmax>564</xmax>
			<ymax>226</ymax>
		</bndbox>
	</object>
	<object>
		<name>bus</name>
		<occluded>1</occluded>
		<truncated>1</truncated>
		<trafficLightColor>none</trafficLightColor>
		<bndbox>
			<xmin>0</xmin>
			<ymin>76</ymin>
			<xmax>301</xmax>
			<ymax>102</ymax>
		</bndbox>
	</object>
	<object>
		<name>truck</name>
		<occluded>1</occluded>
		<truncated>0</truncated>
		<trafficLightColor>none</trafficLightColor>
		<bndbox>
			<xmin>451</xmin>
			<ymin>48</ymin>
			<xmax>698</xmax>
			<ymax>89</ymax>
		</bndbox>
	</object>
	<object>
		<name>car</name>
		<occluded>1</occluded>
		<truncated>0</truncated>
		<trafficLightColor>none</trafficLightColor>
		<bndbox>
			<xmin>803</xmin>
			<ymin>78</ymin>
			<xmax>823</xmax>
			<ymax>82</ymax>
		</bndbox>
	</object>
	<object>
		<name>traffic sign</name>
		<occluded>0</occluded>
		<truncated>0</truncated>
		<trafficLightColor>none</trafficLightColor>
		<bndbox>
			<xmin>310</xmin>
			<ymin>103</ymin>
			<xmax>343</xmax>
			<ymax>132</ymax>
		</bndbox>
	</object>
	<object>
		<name>traffic sign</name>
		<occluded>0</occluded>
		<truncated>0</truncated>
		<trafficLightColor>none</trafficLightColor>
		<bndbox>
			<xmin>728</xmin>
			<ymin>76</ymin>
			<xmax>752</xmax>
			<ymax>107</ymax>
		</bndbox>
	</object>
	<object>
		<name>traffic sign</name>
		<occluded>0</occluded>
		<truncated>0</truncated>
		<trafficLightColor>none</trafficLightColor>
		<bndbox>
			<xmin>727</xmin>
			<ymin>159</ymin>
			<xmax>755</xmax>
			<ymax>170</ymax>
		</bndbox>
	</object>
	<object>
		<name>traffic sign</name>
		<occluded>0</occluded>
		<truncated>0</truncated>
		<trafficLightColor>none</trafficLightColor>
		<bndbox>
			<xmin>738</xmin>
			<ymin>171</ymin>
			<xmax>752</xmax>
			<ymax>181</ymax>
		</bndbox>
	</object>
	<object>
		<name>traffic sign</name>
		<occluded>0</occluded>
		<truncated>0</truncated>
		<trafficLightColor>none</trafficLightColor>
		<bndbox>
			<xmin>710</xmin>
			<ymin>152</ymin>
			<xmax>726</xmax>
			<ymax>172</ymax>
		</bndbox>
	</object>
	<object>
		<name>traffic sign</name>
		<occluded>0</occluded>
		<truncated>0</truncated>
		<trafficLightColor>none</trafficLightColor>
		<bndbox>
			<xmin>711</xmin>
			<ymin>175</ymin>
			<xmax>728</xmax>
			<ymax>186</ymax>
		</bndbox>
	</object>
	<object>
		<name>traffic sign</name>
		<occluded>0</occluded>
		<truncated>0</truncated>
		<trafficLightColor>none</trafficLightColor>
		<bndbox>
			<xmin>710</xmin>
			<ymin>185</ymin>
			<xmax>726</xmax>
			<ymax>201</ymax>
		</bndbox>
	</object>
	<object>
		<name>traffic sign</name>
		<occluded>0</occluded>
		<truncated>0</truncated>
		<trafficLightColor>none</trafficLightColor>
		<bndbox>
			<xmin>665</xmin>
			<ymin>175</ymin>
			<xmax>685</xmax>
			<ymax>189</ymax>
		</bndbox>
	</object>
	<object>
		<name>traffic sign</name>
		<occluded>0</occluded>
		<truncated>0</truncated>
		<trafficLightColor>none</trafficLightColor>
		<bndbox>
			<xmin>897</xmin>
			<ymin>138</ymin>
			<xmax>926</xmax>
			<ymax>163</ymax>
		</bndbox>
	</object>
	<object>
		<name>traffic sign</name>
		<occluded>0</occluded>
		<truncated>0</truncated>
		<trafficLightColor>none</trafficLightColor>
		<bndbox>
			<xmin>907</xmin>
			<ymin>190</ymin>
			<xmax>917</xmax>
			<ymax>203</ymax>
		</bndbox>
	</object>
	<object>
		<name>traffic sign</name>
		<occluded>0</occluded>
		<truncated>0</truncated>
		<trafficLightColor>none</trafficLightColor>
		<bndbox>
			<xmin>942</xmin>
			<ymin>117</ymin>
			<xmax>973</xmax>
			<ymax>137</ymax>
		</bndbox>
	</object>
	<object>
		<name>traffic sign</name>
		<occluded>0</occluded>
		<truncated>0</truncated>
		<trafficLightColor>none</trafficLightColor>
		<bndbox>
			<xmin>960</xmin>
			<ymin>136</ymin>
			<xmax>977</xmax>
			<ymax>147</ymax>
		</bndbox>
	</object>
	<object>
		<name>traffic sign</name>
		<occluded>0</occluded>
		<truncated>0</truncated>
		<trafficLightColor>none</trafficLightColor>
		<bndbox>
			<xmin>1057</xmin>
			<ymin>71</ymin>
			<xmax>1074</xmax>
			<ymax>103</ymax>
		</bndbox>
	</object>
	<object>
		<name>traffic sign</name>
		<occluded>0</occluded>
		<truncated>0</truncated>
		<trafficLightColor>none</trafficLightColor>
		<bndbox>
			<xmin>1055</xmin>
			<ymin>105</ymin>
			<xmax>1074</xmax>
			<ymax>120</ymax>
		</bndbox>
	</object>
	<object>
		<name>traffic sign</name>
		<occluded>0</occluded>
		<truncated>0</truncated>
		<trafficLightColor>none</trafficLightColor>
		<bndbox>
			<xmin>867</xmin>
			<ymin>2</ymin>
			<xmax>891</xmax>
			<ymax>26</ymax>
		</bndbox>
	</object>
	<object>
		<name>traffic sign</name>
		<occluded>0</occluded>
		<truncated>0</truncated>
		<trafficLightColor>none</trafficLightColor>
		<bndbox>
			<xmin>520</xmin>
			<ymin>98</ymin>
			<xmax>531</xmax>
			<ymax>108</ymax>
		</bndbox>
	</object>
	<object>
		<name>traffic sign</name>
		<occluded>0</occluded>
		<truncated>0</truncated>
		<trafficLightColor>none</trafficLightColor>
		<bndbox>
			<xmin>463</xmin>
			<ymin>129</ymin>
			<xmax>471</xmax>
			<ymax>137</ymax>
		</bndbox>
	</object>
	<object>
		<name>traffic sign</name>
		<occluded>1</occluded>
		<truncated>0</truncated>
		<trafficLightColor>none</trafficLightColor>
		<bndbox>
			<xmin>321</xmin>
			<ymin>91</ymin>
			<xmax>337</xmax>
			<ymax>100</ymax>
		</bndbox>
	</object>
	<object>
		<name>traffic sign</name>
		<occluded>1</occluded>
		<truncated>0</truncated>
		<trafficLightColor>none</trafficLightColor>
		<bndbox>
			<xmin>327</xmin>
			<ymin>133</ymin>
			<xmax>341</xmax>
			<ymax>144</ymax>
		</bndbox>
	</object>
	<object>
		<name>traffic sign</name>
		<occluded>1</occluded>
		<truncated>0</truncated>
		<trafficLightColor>none</trafficLightColor>
		<bndbox>
			<xmin>313</xmin>
			<ymin>152</ymin>
			<xmax>348</xmax>
			<ymax>166</ymax>
		</bndbox>
	</object>
	<object>
		<name>traffic sign</name>
		<occluded>1</occluded>
		<truncated>0</truncated>
		<trafficLightColor>none</trafficLightColor>
		<bndbox>
			<xmin>312</xmin>
			<ymin>166</ymin>
			<xmax>353</xmax>
			<ymax>192</ymax>
		</bndbox>
	</object>
	<object>
		<name>traffic sign</name>
		<occluded>1</occluded>
		<truncated>0</truncated>
		<trafficLightColor>none</trafficLightColor>
		<bndbox>
			<xmin>322</xmin>
			<ymin>196</ymin>
			<xmax>352</xmax>
			<ymax>215</ymax>
		</bndbox>
	</object>
	<object>
		<name>traffic sign</name>
		<occluded>1</occluded>
		<truncated>0</truncated>
		<trafficLightColor>none</trafficLightColor>
		<bndbox>
			<xmin>818</xmin>
			<ymin>102</ymin>
			<xmax>920</xmax>
			<ymax>162</ymax>
		</bndbox>
	</object>
	<object>
		<name>traffic sign</name>
		<occluded>0</occluded>
		<truncated>0</truncated>
		<trafficLightColor>none</trafficLightColor>
		<bndbox>
			<xmin>542</xmin>
			<ymin>174</ymin>
			<xmax>550</xmax>
			<ymax>185</ymax>
		</bndbox>
	</object>
	<object>
		<name>traffic light</name>
		<occluded>0</occluded>
		<truncated>0</truncated>
		<trafficLightColor>green</trafficLightColor>
		<bndbox>
			<xmin>862</xmin>
			<ymin>55</ymin>
			<xmax>884</xmax>
			<ymax>114</ymax>
		</bndbox>
	</object>
	<object>
		<name>traffic light</name>
		<occluded>0</occluded>
		<truncated>0</truncated>
		<trafficLightColor>green</trafficLightColor>
		<bndbox>
			<xmin>353</xmin>
			<ymin>187</ymin>
			<xmax>359</xmax>
			<ymax>199</ymax>
		</bndbox>
	</object>
	<object>
		<name>traffic light</name>
		<occluded>0</occluded>
		<truncated>0</truncated>
		<trafficLightColor>red</trafficLightColor>
		<bndbox>
			<xmin>829</xmin>
			<ymin>128</ymin>
			<xmax>867</xmax>
			<ymax>155</ymax>
		</bndbox>
	</object>
	<object>
		<name>traffic light</name>
		<occluded>0</occluded>
		<truncated>0</truncated>
		<trafficLightColor>none</trafficLightColor>
		<bndbox>
			<xmin>533</xmin>
			<ymin>174</ymin>
			<xmax>539</xmax>
			<ymax>185</ymax>
		</bndbox>
	</object>
	<object>
		<name>traffic light</name>
		<occluded>0</occluded>
		<truncated>0</truncated>
		<trafficLightColor>none</trafficLightColor>
		<bndbox>
			<xmin>554</xmin>
			<ymin>184</ymin>
			<xmax>559</xmax>
			<ymax>191</ymax>
		</bndbox>
	</object>
	<object>
		<name>traffic light</name>
		<occluded>0</occluded>
		<truncated>0</truncated>
		<trafficLightColor>none</trafficLightColor>
		<bndbox>
			<xmin>553</xmin>
			<ymin>184</ymin>
			<xmax>556</xmax>
			<ymax>193</ymax>
		</bndbox>
	</object>
	<object>
		<name>traffic sign</name>
		<occluded>0</occluded>
		<truncated>0</truncated>
		<trafficLightColor>none</trafficLightColor>
		<bndbox>
			<xmin>579</xmin>
			<ymin>183</ymin>
			<xmax>598</xmax>
			<ymax>189</ymax>
		</bndbox>
	</object>
	<object>
		<name>traffic sign</name>
		<occluded>0</occluded>
		<truncated>0</truncated>
		<trafficLightColor>none</trafficLightColor>
		<bndbox>
			<xmin>609</xmin>
			<ymin>191</ymin>
			<xmax>615</xmax>
			<ymax>199</ymax>
		</bndbox>
	</object>
	<object>
		<name>traffic sign</name>
		<occluded>0</occluded>
		<truncated>0</truncated>
		<trafficLightColor>none</trafficLightColor>
		<bndbox>
			<xmin>611</xmin>
			<ymin>200</ymin>
			<xmax>617</xmax>
			<ymax>207</ymax>
		</bndbox>
	</object>
	<object>
		<name>car</name>
		<occluded>1</occluded>
		<truncated>0</truncated>
		<trafficLightColor>none</trafficLightColor>
		<bndbox>
			<xmin>654</xmin>
			<ymin>209</ymin>
			<xmax>667</xmax>
			<ymax>221</ymax>
		</bndbox>
	</object>
	<object>
		<name>car</name>
		<occluded>1</occluded>
		<truncated>0</truncated>
		<trafficLightColor>none</trafficLightColor>
		<bndbox>
			<xmin>582</xmin>
			<ymin>211</ymin>
			<xmax>620</xmax>
			<ymax>228</ymax>
		</bndbox>
	</object>
	<object>
		<name>car</name>
		<occluded>1</occluded>
		<truncated>0</truncated>
		<trafficLightColor>none</trafficLightColor>
		<bndbox>
			<xmin>576</xmin>
			<ymin>212</ymin>
			<xmax>591</xmax>
			<ymax>222</ymax>
		</bndbox>
	</object>
	<object>
		<name>car</name>
		<occluded>1</occluded>
		<truncated>0</truncated>
		<trafficLightColor>none</trafficLightColor>
		<bndbox>
			<xmin>571</xmin>
			<ymin>208</ymin>
			<xmax>585</xmax>
			<ymax>220</ymax>
		</bndbox>
	</object>
	<object>
		<name>traffic light</name>
		<occluded>0</occluded>
		<truncated>0</truncated>
		<trafficLightColor>none</trafficLightColor>
		<bndbox>
			<xmin>528</xmin>
			<ymin>174</ymin>
			<xmax>533</xmax>
			<ymax>186</ymax>
		</bndbox>
	</object>
	<object>
		<name>traffic light</name>
		<occluded>0</occluded>
		<truncated>0</truncated>
		<trafficLightColor>none</trafficLightColor>
		<bndbox>
			<xmin>447</xmin>
			<ymin>189</ymin>
			<xmax>451</xmax>
			<ymax>197</ymax>
		</bndbox>
	</object>
</annotation>
