<?xml version="1.0" ?>
<annotation>
	<folder>train</folder>
	<filename>00c497ae-595d361b.jpg</filename>
	<size>
		<width>1280</width>
		<height>720</height>
		<depth>3</depth>
	</size>
	<weather>clear</weather>
	<scene>city street</scene>
	<timeofday>night</timeofday>
	<object>
		<name>car</name>
		<occluded>0</occluded>
		<truncated>0</truncated>
		<trafficLightColor>none</trafficLightColor>
		<bndbox>
			<xmin>511</xmin>
			<ymin>288</ymin>
			<xmax>610</xmax>
			<ymax>374</ymax>
		</bndbox>
	</object>
	<object>
		<name>traffic sign</name>
		<occluded>0</occluded>
		<truncated>0</truncated>
		<trafficLightColor>none</trafficLightColor>
		<bndbox>
			<xmin>908</xmin>
			<ymin>100</ymin>
			<xmax>1019</xmax>
			<ymax>170</ymax>
		</bndbox>
	</object>
	<object>
		<name>traffic light</name>
		<occluded>0</occluded>
		<truncated>0</truncated>
		<trafficLightColor>green</trafficLightColor>
		<bndbox>
			<xmin>553</xmin>
			<ymin>256</ymin>
			<xmax>571</xmax>
			<ymax>271</ymax>
		</bndbox>
	</object>
	<object>
		<name>traffic light</name>
		<occluded>0</occluded>
		<truncated>0</truncated>
		<trafficLightColor>green</trafficLightColor>
		<bndbox>
			<xmin>501</xmin>
			<ymin>261</ymin>
			<xmax>513</xmax>
			<ymax>274</ymax>
		</bndbox>
	</object>
	<object>
		<name>car</name>
		<occluded>0</occluded>
		<truncated>1</truncated>
		<trafficLightColor>none</trafficLightColor>
		<bndbox>
			<xmin>0</xmin>
			<ymin>309</ymin>
			<xmax>54</xmax>
			<ymax>367</ymax>
		</bndbox>
	</object>
	<object>
		<name>car</name>
		<occluded>1</occluded>
		<truncated>0</truncated>
		<trafficLightColor>none</trafficLightColor>
		<bndbox>
			<xmin>173</xmin>
			<ymin>302</ymin>
			<xmax>235</xmax>
			<ymax>337</ymax>
		</bndbox>
	</object>
	<object>
		<name>car</name>
		<occluded>1</occluded>
		<truncated>0</truncated>
		<trafficLightColor>none</trafficLightColor>
		<bndbox>
			<xmin>245</xmin>
			<ymin>296</ymin>
			<xmax>313</xmax>
			<ymax>332</ymax>
		</bndbox>
	</object>
	<object>
		<name>car</name>
		<occluded>1</occluded>
		<truncated>0</truncated>
		<trafficLightColor>none</trafficLightColor>
		<bndbox>
			<xmin>507</xmin>
			<ymin>289</ymin>
			<xmax>531</xmax>
			<ymax>311</ymax>
		</bndbox>
	</object>
	<object>
		<name>car</name>
		<occluded>1</occluded>
		<truncated>0</truncated>
		<trafficLightColor>none</trafficLightColor>
		<bndbox>
			<xmin>485</xmin>
			<ymin>291</ymin>
			<xmax>514</xmax>
			<ymax>317</ymax>
		</bndbox>
	</object>
	<object>
		<name>car</name>
		<occluded>0</occluded>
		<truncated>0</truncated>
		<trafficLightColor>none</trafficLightColor>
		<bndbox>
			<xmin>439</xmin>
			<ymin>295</ymin>
			<xmax>476</xmax>
			<ymax>324</ymax>
		</bndbox>
	</object>
	<object>
		<name>car</name>
		<occluded>1</occluded>
		<truncated>0</truncated>
		<trafficLightColor>none</trafficLightColor>
		<bndbox>
			<xmin>374</xmin>
			<ymin>301</ymin>
			<xmax>414</xmax>
			<ymax>318</ymax>
		</bndbox>
	</object>
	<object>
		<name>car</name>
		<occluded>1</occluded>
		<truncated>0</truncated>
		<trafficLightColor>none</trafficLightColor>
		<bndbox>
			<xmin>4</xmin>
			<ymin>295</ymin>
			<xmax>109</xmax>
			<ymax>345</ymax>
		</bndbox>
	</object>
</annotation>
