<?xml version="1.0" ?>
<annotation>
	<folder>train</folder>
	<filename>00ca8821-17667a58.jpg</filename>
	<size>
		<width>1280</width>
		<height>720</height>
		<depth>3</depth>
	</size>
	<weather>undefined</weather>
	<scene>city street</scene>
	<timeofday>daytime</timeofday>
	<object>
		<name>car</name>
		<occluded>0</occluded>
		<truncated>0</truncated>
		<trafficLightColor>none</trafficLightColor>
		<bndbox>
			<xmin>189</xmin>
			<ymin>172</ymin>
			<xmax>697</xmax>
			<ymax>522</ymax>
		</bndbox>
	</object>
	<object>
		<name>truck</name>
		<occluded>1</occluded>
		<truncated>1</truncated>
		<trafficLightColor>none</trafficLightColor>
		<bndbox>
			<xmin>1</xmin>
			<ymin>2</ymin>
			<xmax>415</xmax>
			<ymax>390</ymax>
		</bndbox>
	</object>
	<object>
		<name>car</name>
		<occluded>1</occluded>
		<truncated>0</truncated>
		<trafficLightColor>none</trafficLightColor>
		<bndbox>
			<xmin>477</xmin>
			<ymin>164</ymin>
			<xmax>507</xmax>
			<ymax>179</ymax>
		</bndbox>
	</object>
	<object>
		<name>car</name>
		<occluded>1</occluded>
		<truncated>0</truncated>
		<trafficLightColor>none</trafficLightColor>
		<bndbox>
			<xmin>458</xmin>
			<ymin>157</ymin>
			<xmax>483</xmax>
			<ymax>175</ymax>
		</bndbox>
	</object>
	<object>
		<name>truck</name>
		<occluded>1</occluded>
		<truncated>0</truncated>
		<trafficLightColor>none</trafficLightColor>
		<bndbox>
			<xmin>390</xmin>
			<ymin>102</ymin>
			<xmax>460</xmax>
			<ymax>174</ymax>
		</bndbox>
	</object>
</annotation>
