<?xml version="1.0" ?>
<annotation>
	<folder>train</folder>
	<filename>00ccf2e8-ac055be6.jpg</filename>
	<size>
		<width>1280</width>
		<height>720</height>
		<depth>3</depth>
	</size>
	<weather>clear</weather>
	<scene>city street</scene>
	<timeofday>daytime</timeofday>
	<object>
		<name>truck</name>
		<occluded>1</occluded>
		<truncated>0</truncated>
		<trafficLightColor>none</trafficLightColor>
		<bndbox>
			<xmin>392</xmin>
			<ymin>420</ymin>
			<xmax>429</xmax>
			<ymax>477</ymax>
		</bndbox>
	</object>
	<object>
		<name>bus</name>
		<occluded>1</occluded>
		<truncated>0</truncated>
		<trafficLightColor>none</trafficLightColor>
		<bndbox>
			<xmin>423</xmin>
			<ymin>411</ymin>
			<xmax>493</xmax>
			<ymax>483</ymax>
		</bndbox>
	</object>
	<object>
		<name>car</name>
		<occluded>1</occluded>
		<truncated>0</truncated>
		<trafficLightColor>none</trafficLightColor>
		<bndbox>
			<xmin>478</xmin>
			<ymin>442</ymin>
			<xmax>521</xmax>
			<ymax>499</ymax>
		</bndbox>
	</object>
	<object>
		<name>car</name>
		<occluded>0</occluded>
		<truncated>0</truncated>
		<trafficLightColor>none</trafficLightColor>
		<bndbox>
			<xmin>292</xmin>
			<ymin>434</ymin>
			<xmax>394</xmax>
			<ymax>512</ymax>
		</bndbox>
	</object>
	<object>
		<name>car</name>
		<occluded>0</occluded>
		<truncated>0</truncated>
		<trafficLightColor>none</trafficLightColor>
		<bndbox>
			<xmin>503</xmin>
			<ymin>439</ymin>
			<xmax>609</xmax>
			<ymax>512</ymax>
		</bndbox>
	</object>
	<object>
		<name>car</name>
		<occluded>0</occluded>
		<truncated>1</truncated>
		<trafficLightColor>none</trafficLightColor>
		<bndbox>
			<xmin>0</xmin>
			<ymin>454</ymin>
			<xmax>85</xmax>
			<ymax>646</ymax>
		</bndbox>
	</object>
	<object>
		<name>car</name>
		<occluded>0</occluded>
		<truncated>0</truncated>
		<trafficLightColor>none</trafficLightColor>
		<bndbox>
			<xmin>721</xmin>
			<ymin>429</ymin>
			<xmax>1270</xmax>
			<ymax>683</ymax>
		</bndbox>
	</object>
</annotation>
