<?xml version="1.0" ?>
<annotation>
	<folder>train</folder>
	<filename>00ccf2e8-59a6bfc9.jpg</filename>
	<size>
		<width>1280</width>
		<height>720</height>
		<depth>3</depth>
	</size>
	<weather>rainy</weather>
	<scene>highway</scene>
	<timeofday>night</timeofday>
	<object>
		<name>car</name>
		<occluded>1</occluded>
		<truncated>0</truncated>
		<trafficLightColor>none</trafficLightColor>
		<bndbox>
			<xmin>979</xmin>
			<ymin>505</ymin>
			<xmax>1201</xmax>
			<ymax>618</ymax>
		</bndbox>
	</object>
	<object>
		<name>car</name>
		<occluded>0</occluded>
		<truncated>0</truncated>
		<trafficLightColor>none</trafficLightColor>
		<bndbox>
			<xmin>570</xmin>
			<ymin>513</ymin>
			<xmax>686</xmax>
			<ymax>605</ymax>
		</bndbox>
	</object>
	<object>
		<name>traffic light</name>
		<occluded>0</occluded>
		<truncated>0</truncated>
		<trafficLightColor>red</trafficLightColor>
		<bndbox>
			<xmin>649</xmin>
			<ymin>466</ymin>
			<xmax>658</xmax>
			<ymax>486</ymax>
		</bndbox>
	</object>
	<object>
		<name>traffic light</name>
		<occluded>0</occluded>
		<truncated>0</truncated>
		<trafficLightColor>red</trafficLightColor>
		<bndbox>
			<xmin>626</xmin>
			<ymin>476</ymin>
			<xmax>636</xmax>
			<ymax>496</ymax>
		</bndbox>
	</object>
	<object>
		<name>traffic light</name>
		<occluded>0</occluded>
		<truncated>0</truncated>
		<trafficLightColor>red</trafficLightColor>
		<bndbox>
			<xmin>708</xmin>
			<ymin>495</ymin>
			<xmax>720</xmax>
			<ymax>514</ymax>
		</bndbox>
	</object>
</annotation>
