<?xml version="1.0" ?>
<annotation>
	<folder>train</folder>
	<filename>00cef86b-d8d105b9.jpg</filename>
	<size>
		<width>1280</width>
		<height>720</height>
		<depth>3</depth>
	</size>
	<weather>clear</weather>
	<scene>residential</scene>
	<timeofday>daytime</timeofday>
	<object>
		<name>car</name>
		<occluded>0</occluded>
		<truncated>1</truncated>
		<trafficLightColor>none</trafficLightColor>
		<bndbox>
			<xmin>969</xmin>
			<ymin>272</ymin>
			<xmax>1276</xmax>
			<ymax>647</ymax>
		</bndbox>
	</object>
	<object>
		<name>car</name>
		<occluded>0</occluded>
		<truncated>0</truncated>
		<trafficLightColor>none</trafficLightColor>
		<bndbox>
			<xmin>643</xmin>
			<ymin>354</ymin>
			<xmax>756</xmax>
			<ymax>445</ymax>
		</bndbox>
	</object>
	<object>
		<name>car</name>
		<occluded>0</occluded>
		<truncated>0</truncated>
		<trafficLightColor>none</trafficLightColor>
		<bndbox>
			<xmin>363</xmin>
			<ymin>348</ymin>
			<xmax>455</xmax>
			<ymax>406</ymax>
		</bndbox>
	</object>
	<object>
		<name>car</name>
		<occluded>1</occluded>
		<truncated>0</truncated>
		<trafficLightColor>none</trafficLightColor>
		<bndbox>
			<xmin>411</xmin>
			<ymin>329</ymin>
			<xmax>489</xmax>
			<ymax>391</ymax>
		</bndbox>
	</object>
	<object>
		<name>car</name>
		<occluded>1</occluded>
		<truncated>0</truncated>
		<trafficLightColor>none</trafficLightColor>
		<bndbox>
			<xmin>485</xmin>
			<ymin>346</ymin>
			<xmax>510</xmax>
			<ymax>381</ymax>
		</bndbox>
	</object>
	<object>
		<name>car</name>
		<occluded>1</occluded>
		<truncated>0</truncated>
		<trafficLightColor>none</trafficLightColor>
		<bndbox>
			<xmin>501</xmin>
			<ymin>351</ymin>
			<xmax>516</xmax>
			<ymax>369</ymax>
		</bndbox>
	</object>
	<object>
		<name>car</name>
		<occluded>1</occluded>
		<truncated>0</truncated>
		<trafficLightColor>none</trafficLightColor>
		<bndbox>
			<xmin>510</xmin>
			<ymin>339</ymin>
			<xmax>530</xmax>
			<ymax>354</ymax>
		</bndbox>
	</object>
	<object>
		<name>car</name>
		<occluded>1</occluded>
		<truncated>0</truncated>
		<trafficLightColor>none</trafficLightColor>
		<bndbox>
			<xmin>524</xmin>
			<ymin>331</ymin>
			<xmax>537</xmax>
			<ymax>345</ymax>
		</bndbox>
	</object>
	<object>
		<name>car</name>
		<occluded>1</occluded>
		<truncated>0</truncated>
		<trafficLightColor>none</trafficLightColor>
		<bndbox>
			<xmin>545</xmin>
			<ymin>328</ymin>
			<xmax>557</xmax>
			<ymax>336</ymax>
		</bndbox>
	</object>
	<object>
		<name>car</name>
		<occluded>1</occluded>
		<truncated>0</truncated>
		<trafficLightColor>none</trafficLightColor>
		<bndbox>
			<xmin>541</xmin>
			<ymin>343</ymin>
			<xmax>556</xmax>
			<ymax>355</ymax>
		</bndbox>
	</object>
	<object>
		<name>car</name>
		<occluded>1</occluded>
		<truncated>0</truncated>
		<trafficLightColor>none</trafficLightColor>
		<bndbox>
			<xmin>562</xmin>
			<ymin>335</ymin>
			<xmax>571</xmax>
			<ymax>345</ymax>
		</bndbox>
	</object>
	<object>
		<name>car</name>
		<occluded>1</occluded>
		<truncated>0</truncated>
		<trafficLightColor>none</trafficLightColor>
		<bndbox>
			<xmin>566</xmin>
			<ymin>340</ymin>
			<xmax>577</xmax>
			<ymax>351</ymax>
		</bndbox>
	</object>
	<object>
		<name>car</name>
		<occluded>1</occluded>
		<truncated>0</truncated>
		<trafficLightColor>none</trafficLightColor>
		<bndbox>
			<xmin>570</xmin>
			<ymin>346</ymin>
			<xmax>586</xmax>
			<ymax>363</ymax>
		</bndbox>
	</object>
	<object>
		<name>car</name>
		<occluded>1</occluded>
		<truncated>0</truncated>
		<trafficLightColor>none</trafficLightColor>
		<bndbox>
			<xmin>585</xmin>
			<ymin>346</ymin>
			<xmax>616</xmax>
			<ymax>386</ymax>
		</bndbox>
	</object>
	<object>
		<name>car</name>
		<occluded>1</occluded>
		<truncated>0</truncated>
		<trafficLightColor>none</trafficLightColor>
		<bndbox>
			<xmin>597</xmin>
			<ymin>348</ymin>
			<xmax>641</xmax>
			<ymax>400</ymax>
		</bndbox>
	</object>
	<object>
		<name>car</name>
		<occluded>1</occluded>
		<truncated>0</truncated>
		<trafficLightColor>none</trafficLightColor>
		<bndbox>
			<xmin>623</xmin>
			<ymin>346</ymin>
			<xmax>678</xmax>
			<ymax>416</ymax>
		</bndbox>
	</object>
	<object>
		<name>traffic sign</name>
		<occluded>1</occluded>
		<truncated>0</truncated>
		<trafficLightColor>none</trafficLightColor>
		<bndbox>
			<xmin>605</xmin>
			<ymin>336</ymin>
			<xmax>616</xmax>
			<ymax>345</ymax>
		</bndbox>
	</object>
	<object>
		<name>traffic sign</name>
		<occluded>0</occluded>
		<truncated>0</truncated>
		<trafficLightColor>none</trafficLightColor>
		<bndbox>
			<xmin>388</xmin>
			<ymin>290</ymin>
			<xmax>420</xmax>
			<ymax>321</ymax>
		</bndbox>
	</object>
	<object>
		<name>traffic sign</name>
		<occluded>0</occluded>
		<truncated>0</truncated>
		<trafficLightColor>none</trafficLightColor>
		<bndbox>
			<xmin>737</xmin>
			<ymin>267</ymin>
			<xmax>784</xmax>
			<ymax>318</ymax>
		</bndbox>
	</object>
</annotation>
