<?xml version="1.0" ?>
<annotation>
	<folder>train</folder>
	<filename>00cea101-293a30b5.jpg</filename>
	<size>
		<width>1280</width>
		<height>720</height>
		<depth>3</depth>
	</size>
	<weather>rainy</weather>
	<scene>highway</scene>
	<timeofday>night</timeofday>
	<object>
		<name>traffic light</name>
		<occluded>0</occluded>
		<truncated>0</truncated>
		<trafficLightColor>green</trafficLightColor>
		<bndbox>
			<xmin>671</xmin>
			<ymin>264</ymin>
			<xmax>688</xmax>
			<ymax>273</ymax>
		</bndbox>
	</object>
	<object>
		<name>traffic light</name>
		<occluded>0</occluded>
		<truncated>0</truncated>
		<trafficLightColor>green</trafficLightColor>
		<bndbox>
			<xmin>721</xmin>
			<ymin>257</ymin>
			<xmax>728</xmax>
			<ymax>269</ymax>
		</bndbox>
	</object>
	<object>
		<name>traffic light</name>
		<occluded>0</occluded>
		<truncated>0</truncated>
		<trafficLightColor>green</trafficLightColor>
		<bndbox>
			<xmin>751</xmin>
			<ymin>291</ymin>
			<xmax>757</xmax>
			<ymax>301</ymax>
		</bndbox>
	</object>
	<object>
		<name>traffic sign</name>
		<occluded>0</occluded>
		<truncated>0</truncated>
		<trafficLightColor>none</trafficLightColor>
		<bndbox>
			<xmin>469</xmin>
			<ymin>258</ymin>
			<xmax>490</xmax>
			<ymax>289</ymax>
		</bndbox>
	</object>
</annotation>
