<?xml version="1.0" ?>
<annotation>
	<folder>train</folder>
	<filename>00cee0e0-5e25daa7.jpg</filename>
	<size>
		<width>1280</width>
		<height>720</height>
		<depth>3</depth>
	</size>
	<weather>clear</weather>
	<scene>city street</scene>
	<timeofday>night</timeofday>
	<object>
		<name>car</name>
		<occluded>0</occluded>
		<truncated>0</truncated>
		<trafficLightColor>none</trafficLightColor>
		<bndbox>
			<xmin>63</xmin>
			<ymin>607</ymin>
			<xmax>226</xmax>
			<ymax>685</ymax>
		</bndbox>
	</object>
	<object>
		<name>car</name>
		<occluded>0</occluded>
		<truncated>0</truncated>
		<trafficLightColor>none</trafficLightColor>
		<bndbox>
			<xmin>272</xmin>
			<ymin>575</ymin>
			<xmax>391</xmax>
			<ymax>649</ymax>
		</bndbox>
	</object>
	<object>
		<name>car</name>
		<occluded>0</occluded>
		<truncated>0</truncated>
		<trafficLightColor>none</trafficLightColor>
		<bndbox>
			<xmin>516</xmin>
			<ymin>583</ymin>
			<xmax>575</xmax>
			<ymax>634</ymax>
		</bndbox>
	</object>
	<object>
		<name>car</name>
		<occluded>1</occluded>
		<truncated>0</truncated>
		<trafficLightColor>none</trafficLightColor>
		<bndbox>
			<xmin>380</xmin>
			<ymin>586</ymin>
			<xmax>432</xmax>
			<ymax>638</ymax>
		</bndbox>
	</object>
	<object>
		<name>car</name>
		<occluded>1</occluded>
		<truncated>0</truncated>
		<trafficLightColor>none</trafficLightColor>
		<bndbox>
			<xmin>597</xmin>
			<ymin>583</ymin>
			<xmax>630</xmax>
			<ymax>616</ymax>
		</bndbox>
	</object>
	<object>
		<name>car</name>
		<occluded>1</occluded>
		<truncated>0</truncated>
		<trafficLightColor>none</trafficLightColor>
		<bndbox>
			<xmin>621</xmin>
			<ymin>583</ymin>
			<xmax>665</xmax>
			<ymax>619</ymax>
		</bndbox>
	</object>
	<object>
		<name>car</name>
		<occluded>1</occluded>
		<truncated>0</truncated>
		<trafficLightColor>none</trafficLightColor>
		<bndbox>
			<xmin>648</xmin>
			<ymin>583</ymin>
			<xmax>716</xmax>
			<ymax>632</ymax>
		</bndbox>
	</object>
	<object>
		<name>car</name>
		<occluded>1</occluded>
		<truncated>0</truncated>
		<trafficLightColor>none</trafficLightColor>
		<bndbox>
			<xmin>679</xmin>
			<ymin>579</ymin>
			<xmax>766</xmax>
			<ymax>643</ymax>
		</bndbox>
	</object>
	<object>
		<name>car</name>
		<occluded>1</occluded>
		<truncated>0</truncated>
		<trafficLightColor>none</trafficLightColor>
		<bndbox>
			<xmin>753</xmin>
			<ymin>561</ymin>
			<xmax>933</xmax>
			<ymax>715</ymax>
		</bndbox>
	</object>
	<object>
		<name>car</name>
		<occluded>0</occluded>
		<truncated>1</truncated>
		<trafficLightColor>none</trafficLightColor>
		<bndbox>
			<xmin>894</xmin>
			<ymin>517</ymin>
			<xmax>1275</xmax>
			<ymax>718</ymax>
		</bndbox>
	</object>
	<object>
		<name>car</name>
		<occluded>1</occluded>
		<truncated>0</truncated>
		<trafficLightColor>none</trafficLightColor>
		<bndbox>
			<xmin>470</xmin>
			<ymin>583</ymin>
			<xmax>525</xmax>
			<ymax>619</ymax>
		</bndbox>
	</object>
	<object>
		<name>traffic light</name>
		<occluded>0</occluded>
		<truncated>0</truncated>
		<trafficLightColor>green</trafficLightColor>
		<bndbox>
			<xmin>478</xmin>
			<ymin>546</ymin>
			<xmax>503</xmax>
			<ymax>568</ymax>
		</bndbox>
	</object>
	<object>
		<name>traffic light</name>
		<occluded>0</occluded>
		<truncated>0</truncated>
		<trafficLightColor>green</trafficLightColor>
		<bndbox>
			<xmin>549</xmin>
			<ymin>547</ymin>
			<xmax>568</xmax>
			<ymax>570</ymax>
		</bndbox>
	</object>
	<object>
		<name>car</name>
		<occluded>1</occluded>
		<truncated>0</truncated>
		<trafficLightColor>none</trafficLightColor>
		<bndbox>
			<xmin>557</xmin>
			<ymin>582</ymin>
			<xmax>577</xmax>
			<ymax>619</ymax>
		</bndbox>
	</object>
	<object>
		<name>traffic light</name>
		<occluded>0</occluded>
		<truncated>0</truncated>
		<trafficLightColor>green</trafficLightColor>
		<bndbox>
			<xmin>523</xmin>
			<ymin>575</ymin>
			<xmax>539</xmax>
			<ymax>588</ymax>
		</bndbox>
	</object>
</annotation>
