<?xml version="1.0" ?>
<annotation>
	<folder>train</folder>
	<filename>00cf8e3d-773de15e.jpg</filename>
	<size>
		<width>1280</width>
		<height>720</height>
		<depth>3</depth>
	</size>
	<weather>undefined</weather>
	<scene>city street</scene>
	<timeofday>dawn/dusk</timeofday>
	<object>
		<name>car</name>
		<occluded>0</occluded>
		<truncated>1</truncated>
		<trafficLightColor>none</trafficLightColor>
		<bndbox>
			<xmin>0</xmin>
			<ymin>27</ymin>
			<xmax>315</xmax>
			<ymax>403</ymax>
		</bndbox>
	</object>
	<object>
		<name>car</name>
		<occluded>0</occluded>
		<truncated>1</truncated>
		<trafficLightColor>none</trafficLightColor>
		<bndbox>
			<xmin>866</xmin>
			<ymin>144</ymin>
			<xmax>1279</xmax>
			<ymax>474</ymax>
		</bndbox>
	</object>
	<object>
		<name>bus</name>
		<occluded>1</occluded>
		<truncated>0</truncated>
		<trafficLightColor>none</trafficLightColor>
		<bndbox>
			<xmin>750</xmin>
			<ymin>29</ymin>
			<xmax>956</xmax>
			<ymax>217</ymax>
		</bndbox>
	</object>
	<object>
		<name>truck</name>
		<occluded>1</occluded>
		<truncated>0</truncated>
		<trafficLightColor>none</trafficLightColor>
		<bndbox>
			<xmin>264</xmin>
			<ymin>35</ymin>
			<xmax>454</xmax>
			<ymax>223</ymax>
		</bndbox>
	</object>
	<object>
		<name>truck</name>
		<occluded>1</occluded>
		<truncated>0</truncated>
		<trafficLightColor>none</trafficLightColor>
		<bndbox>
			<xmin>424</xmin>
			<ymin>48</ymin>
			<xmax>499</xmax>
			<ymax>187</ymax>
		</bndbox>
	</object>
	<object>
		<name>car</name>
		<occluded>1</occluded>
		<truncated>0</truncated>
		<trafficLightColor>none</trafficLightColor>
		<bndbox>
			<xmin>704</xmin>
			<ymin>117</ymin>
			<xmax>875</xmax>
			<ymax>256</ymax>
		</bndbox>
	</object>
	<object>
		<name>car</name>
		<occluded>1</occluded>
		<truncated>0</truncated>
		<trafficLightColor>none</trafficLightColor>
		<bndbox>
			<xmin>855</xmin>
			<ymin>152</ymin>
			<xmax>957</xmax>
			<ymax>237</ymax>
		</bndbox>
	</object>
	<object>
		<name>car</name>
		<occluded>0</occluded>
		<truncated>0</truncated>
		<trafficLightColor>none</trafficLightColor>
		<bndbox>
			<xmin>489</xmin>
			<ymin>88</ymin>
			<xmax>711</xmax>
			<ymax>281</ymax>
		</bndbox>
	</object>
</annotation>
