<?xml version="1.0" ?>
<annotation>
	<folder>train</folder>
	<filename>00d1bafa-6701fcd9.jpg</filename>
	<size>
		<width>1280</width>
		<height>720</height>
		<depth>3</depth>
	</size>
	<weather>snowy</weather>
	<scene>highway</scene>
	<timeofday>night</timeofday>
	<object>
		<name>car</name>
		<occluded>1</occluded>
		<truncated>0</truncated>
		<trafficLightColor>none</trafficLightColor>
		<bndbox>
			<xmin>476</xmin>
			<ymin>362</ymin>
			<xmax>505</xmax>
			<ymax>389</ymax>
		</bndbox>
	</object>
	<object>
		<name>car</name>
		<occluded>0</occluded>
		<truncated>0</truncated>
		<trafficLightColor>none</trafficLightColor>
		<bndbox>
			<xmin>503</xmin>
			<ymin>353</ymin>
			<xmax>564</xmax>
			<ymax>407</ymax>
		</bndbox>
	</object>
	<object>
		<name>traffic sign</name>
		<occluded>0</occluded>
		<truncated>1</truncated>
		<trafficLightColor>none</trafficLightColor>
		<bndbox>
			<xmin>0</xmin>
			<ymin>1</ymin>
			<xmax>135</xmax>
			<ymax>84</ymax>
		</bndbox>
	</object>
	<object>
		<name>car</name>
		<occluded>0</occluded>
		<truncated>0</truncated>
		<trafficLightColor>none</trafficLightColor>
		<bndbox>
			<xmin>358</xmin>
			<ymin>362</ymin>
			<xmax>425</xmax>
			<ymax>387</ymax>
		</bndbox>
	</object>
	<object>
		<name>car</name>
		<occluded>0</occluded>
		<truncated>0</truncated>
		<trafficLightColor>none</trafficLightColor>
		<bndbox>
			<xmin>563</xmin>
			<ymin>373</ymin>
			<xmax>606</xmax>
			<ymax>405</ymax>
		</bndbox>
	</object>
</annotation>
