<?xml version="1.0" ?>
<annotation>
	<folder>train</folder>
	<filename>00d18b13-52d3e4c4.jpg</filename>
	<size>
		<width>1280</width>
		<height>720</height>
		<depth>3</depth>
	</size>
	<weather>undefined</weather>
	<scene>residential</scene>
	<timeofday>daytime</timeofday>
	<object>
		<name>person</name>
		<occluded>1</occluded>
		<truncated>0</truncated>
		<trafficLightColor>none</trafficLightColor>
		<bndbox>
			<xmin>192</xmin>
			<ymin>239</ymin>
			<xmax>245</xmax>
			<ymax>343</ymax>
		</bndbox>
	</object>
	<object>
		<name>person</name>
		<occluded>1</occluded>
		<truncated>0</truncated>
		<trafficLightColor>none</trafficLightColor>
		<bndbox>
			<xmin>1084</xmin>
			<ymin>254</ymin>
			<xmax>1180</xmax>
			<ymax>494</ymax>
		</bndbox>
	</object>
	<object>
		<name>person</name>
		<occluded>0</occluded>
		<truncated>1</truncated>
		<trafficLightColor>none</trafficLightColor>
		<bndbox>
			<xmin>1255</xmin>
			<ymin>300</ymin>
			<xmax>1277</xmax>
			<ymax>529</ymax>
		</bndbox>
	</object>
	<object>
		<name>car</name>
		<occluded>1</occluded>
		<truncated>0</truncated>
		<trafficLightColor>none</trafficLightColor>
		<bndbox>
			<xmin>557</xmin>
			<ymin>318</ymin>
			<xmax>576</xmax>
			<ymax>346</ymax>
		</bndbox>
	</object>
	<object>
		<name>car</name>
		<occluded>1</occluded>
		<truncated>0</truncated>
		<trafficLightColor>none</trafficLightColor>
		<bndbox>
			<xmin>536</xmin>
			<ymin>311</ymin>
			<xmax>560</xmax>
			<ymax>346</ymax>
		</bndbox>
	</object>
	<object>
		<name>car</name>
		<occluded>1</occluded>
		<truncated>0</truncated>
		<trafficLightColor>none</trafficLightColor>
		<bndbox>
			<xmin>521</xmin>
			<ymin>309</ymin>
			<xmax>537</xmax>
			<ymax>344</ymax>
		</bndbox>
	</object>
	<object>
		<name>car</name>
		<occluded>1</occluded>
		<truncated>0</truncated>
		<trafficLightColor>none</trafficLightColor>
		<bndbox>
			<xmin>500</xmin>
			<ymin>298</ymin>
			<xmax>526</xmax>
			<ymax>343</ymax>
		</bndbox>
	</object>
	<object>
		<name>car</name>
		<occluded>1</occluded>
		<truncated>0</truncated>
		<trafficLightColor>none</trafficLightColor>
		<bndbox>
			<xmin>441</xmin>
			<ymin>281</ymin>
			<xmax>519</xmax>
			<ymax>345</ymax>
		</bndbox>
	</object>
	<object>
		<name>car</name>
		<occluded>0</occluded>
		<truncated>0</truncated>
		<trafficLightColor>none</trafficLightColor>
		<bndbox>
			<xmin>324</xmin>
			<ymin>270</ymin>
			<xmax>467</xmax>
			<ymax>350</ymax>
		</bndbox>
	</object>
	<object>
		<name>car</name>
		<occluded>0</occluded>
		<truncated>0</truncated>
		<trafficLightColor>none</trafficLightColor>
		<bndbox>
			<xmin>582</xmin>
			<ymin>310</ymin>
			<xmax>636</xmax>
			<ymax>349</ymax>
		</bndbox>
	</object>
	<object>
		<name>car</name>
		<occluded>1</occluded>
		<truncated>0</truncated>
		<trafficLightColor>none</trafficLightColor>
		<bndbox>
			<xmin>632</xmin>
			<ymin>329</ymin>
			<xmax>651</xmax>
			<ymax>349</ymax>
		</bndbox>
	</object>
	<object>
		<name>car</name>
		<occluded>1</occluded>
		<truncated>0</truncated>
		<trafficLightColor>none</trafficLightColor>
		<bndbox>
			<xmin>653</xmin>
			<ymin>326</ymin>
			<xmax>665</xmax>
			<ymax>346</ymax>
		</bndbox>
	</object>
	<object>
		<name>car</name>
		<occluded>1</occluded>
		<truncated>0</truncated>
		<trafficLightColor>none</trafficLightColor>
		<bndbox>
			<xmin>665</xmin>
			<ymin>328</ymin>
			<xmax>680</xmax>
			<ymax>350</ymax>
		</bndbox>
	</object>
	<object>
		<name>car</name>
		<occluded>1</occluded>
		<truncated>0</truncated>
		<trafficLightColor>none</trafficLightColor>
		<bndbox>
			<xmin>677</xmin>
			<ymin>319</ymin>
			<xmax>703</xmax>
			<ymax>353</ymax>
		</bndbox>
	</object>
	<object>
		<name>car</name>
		<occluded>1</occluded>
		<truncated>0</truncated>
		<trafficLightColor>none</trafficLightColor>
		<bndbox>
			<xmin>685</xmin>
			<ymin>310</ymin>
			<xmax>724</xmax>
			<ymax>356</ymax>
		</bndbox>
	</object>
	<object>
		<name>car</name>
		<occluded>1</occluded>
		<truncated>0</truncated>
		<trafficLightColor>none</trafficLightColor>
		<bndbox>
			<xmin>712</xmin>
			<ymin>303</ymin>
			<xmax>768</xmax>
			<ymax>363</ymax>
		</bndbox>
	</object>
	<object>
		<name>car</name>
		<occluded>1</occluded>
		<truncated>0</truncated>
		<trafficLightColor>none</trafficLightColor>
		<bndbox>
			<xmin>749</xmin>
			<ymin>274</ymin>
			<xmax>895</xmax>
			<ymax>393</ymax>
		</bndbox>
	</object>
	<object>
		<name>car</name>
		<occluded>1</occluded>
		<truncated>0</truncated>
		<trafficLightColor>none</trafficLightColor>
		<bndbox>
			<xmin>819</xmin>
			<ymin>278</ymin>
			<xmax>1094</xmax>
			<ymax>446</ymax>
		</bndbox>
	</object>
	<object>
		<name>traffic sign</name>
		<occluded>0</occluded>
		<truncated>0</truncated>
		<trafficLightColor>none</trafficLightColor>
		<bndbox>
			<xmin>849</xmin>
			<ymin>224</ymin>
			<xmax>872</xmax>
			<ymax>241</ymax>
		</bndbox>
	</object>
	<object>
		<name>traffic sign</name>
		<occluded>0</occluded>
		<truncated>0</truncated>
		<trafficLightColor>none</trafficLightColor>
		<bndbox>
			<xmin>1002</xmin>
			<ymin>254</ymin>
			<xmax>1018</xmax>
			<ymax>272</ymax>
		</bndbox>
	</object>
</annotation>
