<?xml version="1.0" ?>
<annotation>
	<folder>train</folder>
	<filename>00d4b6b7-7d0a60bf.jpg</filename>
	<size>
		<width>1280</width>
		<height>720</height>
		<depth>3</depth>
	</size>
	<weather>clear</weather>
	<scene>highway</scene>
	<timeofday>daytime</timeofday>
	<object>
		<name>car</name>
		<occluded>1</occluded>
		<truncated>0</truncated>
		<trafficLightColor>none</trafficLightColor>
		<bndbox>
			<xmin>43</xmin>
			<ymin>371</ymin>
			<xmax>95</xmax>
			<ymax>386</ymax>
		</bndbox>
	</object>
	<object>
		<name>car</name>
		<occluded>1</occluded>
		<truncated>0</truncated>
		<trafficLightColor>none</trafficLightColor>
		<bndbox>
			<xmin>28</xmin>
			<ymin>378</ymin>
			<xmax>90</xmax>
			<ymax>406</ymax>
		</bndbox>
	</object>
	<object>
		<name>car</name>
		<occluded>1</occluded>
		<truncated>0</truncated>
		<trafficLightColor>none</trafficLightColor>
		<bndbox>
			<xmin>382</xmin>
			<ymin>371</ymin>
			<xmax>395</xmax>
			<ymax>383</ymax>
		</bndbox>
	</object>
	<object>
		<name>car</name>
		<occluded>1</occluded>
		<truncated>0</truncated>
		<trafficLightColor>none</trafficLightColor>
		<bndbox>
			<xmin>461</xmin>
			<ymin>371</ymin>
			<xmax>486</xmax>
			<ymax>381</ymax>
		</bndbox>
	</object>
	<object>
		<name>car</name>
		<occluded>1</occluded>
		<truncated>0</truncated>
		<trafficLightColor>none</trafficLightColor>
		<bndbox>
			<xmin>648</xmin>
			<ymin>371</ymin>
			<xmax>661</xmax>
			<ymax>379</ymax>
		</bndbox>
	</object>
	<object>
		<name>car</name>
		<occluded>0</occluded>
		<truncated>0</truncated>
		<trafficLightColor>none</trafficLightColor>
		<bndbox>
			<xmin>644</xmin>
			<ymin>382</ymin>
			<xmax>679</xmax>
			<ymax>409</ymax>
		</bndbox>
	</object>
	<object>
		<name>car</name>
		<occluded>0</occluded>
		<truncated>0</truncated>
		<trafficLightColor>none</trafficLightColor>
		<bndbox>
			<xmin>638</xmin>
			<ymin>374</ymin>
			<xmax>648</xmax>
			<ymax>385</ymax>
		</bndbox>
	</object>
	<object>
		<name>rider</name>
		<occluded>1</occluded>
		<truncated>0</truncated>
		<trafficLightColor>none</trafficLightColor>
		<bndbox>
			<xmin>695</xmin>
			<ymin>377</ymin>
			<xmax>707</xmax>
			<ymax>396</ymax>
		</bndbox>
	</object>
	<object>
		<name>bike</name>
		<occluded>1</occluded>
		<truncated>0</truncated>
		<trafficLightColor>none</trafficLightColor>
		<bndbox>
			<xmin>698</xmin>
			<ymin>391</ymin>
			<xmax>708</xmax>
			<ymax>405</ymax>
		</bndbox>
	</object>
	<object>
		<name>traffic light</name>
		<occluded>0</occluded>
		<truncated>0</truncated>
		<trafficLightColor>none</trafficLightColor>
		<bndbox>
			<xmin>627</xmin>
			<ymin>331</ymin>
			<xmax>635</xmax>
			<ymax>343</ymax>
		</bndbox>
	</object>
	<object>
		<name>traffic light</name>
		<occluded>0</occluded>
		<truncated>0</truncated>
		<trafficLightColor>none</trafficLightColor>
		<bndbox>
			<xmin>655</xmin>
			<ymin>333</ymin>
			<xmax>663</xmax>
			<ymax>350</ymax>
		</bndbox>
	</object>
	<object>
		<name>car</name>
		<occluded>0</occluded>
		<truncated>0</truncated>
		<trafficLightColor>none</trafficLightColor>
		<bndbox>
			<xmin>502</xmin>
			<ymin>360</ymin>
			<xmax>648</xmax>
			<ymax>477</ymax>
		</bndbox>
	</object>
</annotation>
