<?xml version="1.0" ?>
<annotation>
	<folder>train</folder>
	<filename>00d5edb9-f0077df3.jpg</filename>
	<size>
		<width>1280</width>
		<height>720</height>
		<depth>3</depth>
	</size>
	<weather>rainy</weather>
	<scene>highway</scene>
	<timeofday>daytime</timeofday>
	<object>
		<name>traffic sign</name>
		<occluded>0</occluded>
		<truncated>0</truncated>
		<trafficLightColor>none</trafficLightColor>
		<bndbox>
			<xmin>653</xmin>
			<ymin>190</ymin>
			<xmax>701</xmax>
			<ymax>214</ymax>
		</bndbox>
	</object>
	<object>
		<name>traffic sign</name>
		<occluded>0</occluded>
		<truncated>0</truncated>
		<trafficLightColor>none</trafficLightColor>
		<bndbox>
			<xmin>596</xmin>
			<ymin>185</ymin>
			<xmax>642</xmax>
			<ymax>224</ymax>
		</bndbox>
	</object>
	<object>
		<name>car</name>
		<occluded>1</occluded>
		<truncated>0</truncated>
		<trafficLightColor>none</trafficLightColor>
		<bndbox>
			<xmin>657</xmin>
			<ymin>277</ymin>
			<xmax>671</xmax>
			<ymax>291</ymax>
		</bndbox>
	</object>
	<object>
		<name>car</name>
		<occluded>0</occluded>
		<truncated>0</truncated>
		<trafficLightColor>none</trafficLightColor>
		<bndbox>
			<xmin>611</xmin>
			<ymin>255</ymin>
			<xmax>660</xmax>
			<ymax>296</ymax>
		</bndbox>
	</object>
	<object>
		<name>car</name>
		<occluded>0</occluded>
		<truncated>0</truncated>
		<trafficLightColor>none</trafficLightColor>
		<bndbox>
			<xmin>686</xmin>
			<ymin>253</ymin>
			<xmax>742</xmax>
			<ymax>298</ymax>
		</bndbox>
	</object>
	<object>
		<name>truck</name>
		<occluded>1</occluded>
		<truncated>0</truncated>
		<trafficLightColor>none</trafficLightColor>
		<bndbox>
			<xmin>452</xmin>
			<ymin>249</ymin>
			<xmax>531</xmax>
			<ymax>271</ymax>
		</bndbox>
	</object>
	<object>
		<name>traffic sign</name>
		<occluded>0</occluded>
		<truncated>0</truncated>
		<trafficLightColor>none</trafficLightColor>
		<bndbox>
			<xmin>268</xmin>
			<ymin>218</ymin>
			<xmax>310</xmax>
			<ymax>239</ymax>
		</bndbox>
	</object>
	<object>
		<name>traffic light</name>
		<occluded>0</occluded>
		<truncated>0</truncated>
		<trafficLightColor>none</trafficLightColor>
		<bndbox>
			<xmin>643</xmin>
			<ymin>224</ymin>
			<xmax>649</xmax>
			<ymax>239</ymax>
		</bndbox>
	</object>
	<object>
		<name>traffic light</name>
		<occluded>0</occluded>
		<truncated>0</truncated>
		<trafficLightColor>none</trafficLightColor>
		<bndbox>
			<xmin>649</xmin>
			<ymin>222</ymin>
			<xmax>655</xmax>
			<ymax>242</ymax>
		</bndbox>
	</object>
	<object>
		<name>traffic light</name>
		<occluded>0</occluded>
		<truncated>0</truncated>
		<trafficLightColor>none</trafficLightColor>
		<bndbox>
			<xmin>694</xmin>
			<ymin>233</ymin>
			<xmax>701</xmax>
			<ymax>251</ymax>
		</bndbox>
	</object>
</annotation>
