<?xml version="1.0" ?>
<annotation>
	<folder>train</folder>
	<filename>00d77344-9fe25620.jpg</filename>
	<size>
		<width>1280</width>
		<height>720</height>
		<depth>3</depth>
	</size>
	<weather>clear</weather>
	<scene>city street</scene>
	<timeofday>daytime</timeofday>
	<object>
		<name>traffic sign</name>
		<occluded>0</occluded>
		<truncated>0</truncated>
		<trafficLightColor>none</trafficLightColor>
		<bndbox>
			<xmin>471</xmin>
			<ymin>279</ymin>
			<xmax>489</xmax>
			<ymax>291</ymax>
		</bndbox>
	</object>
	<object>
		<name>traffic sign</name>
		<occluded>0</occluded>
		<truncated>0</truncated>
		<trafficLightColor>none</trafficLightColor>
		<bndbox>
			<xmin>870</xmin>
			<ymin>223</ymin>
			<xmax>893</xmax>
			<ymax>254</ymax>
		</bndbox>
	</object>
	<object>
		<name>traffic light</name>
		<occluded>0</occluded>
		<truncated>0</truncated>
		<trafficLightColor>green</trafficLightColor>
		<bndbox>
			<xmin>586</xmin>
			<ymin>289</ymin>
			<xmax>596</xmax>
			<ymax>306</ymax>
		</bndbox>
	</object>
	<object>
		<name>traffic light</name>
		<occluded>0</occluded>
		<truncated>0</truncated>
		<trafficLightColor>green</trafficLightColor>
		<bndbox>
			<xmin>746</xmin>
			<ymin>283</ymin>
			<xmax>753</xmax>
			<ymax>301</ymax>
		</bndbox>
	</object>
	<object>
		<name>car</name>
		<occluded>0</occluded>
		<truncated>0</truncated>
		<trafficLightColor>none</trafficLightColor>
		<bndbox>
			<xmin>41</xmin>
			<ymin>318</ymin>
			<xmax>479</xmax>
			<ymax>601</ymax>
		</bndbox>
	</object>
	<object>
		<name>truck</name>
		<occluded>0</occluded>
		<truncated>0</truncated>
		<trafficLightColor>none</trafficLightColor>
		<bndbox>
			<xmin>606</xmin>
			<ymin>313</ymin>
			<xmax>939</xmax>
			<ymax>598</ymax>
		</bndbox>
	</object>
	<object>
		<name>car</name>
		<occluded>1</occluded>
		<truncated>0</truncated>
		<trafficLightColor>none</trafficLightColor>
		<bndbox>
			<xmin>465</xmin>
			<ymin>336</ymin>
			<xmax>607</xmax>
			<ymax>450</ymax>
		</bndbox>
	</object>
	<object>
		<name>car</name>
		<occluded>1</occluded>
		<truncated>1</truncated>
		<trafficLightColor>none</trafficLightColor>
		<bndbox>
			<xmin>0</xmin>
			<ymin>318</ymin>
			<xmax>189</xmax>
			<ymax>510</ymax>
		</bndbox>
	</object>
	<object>
		<name>car</name>
		<occluded>1</occluded>
		<truncated>0</truncated>
		<trafficLightColor>none</trafficLightColor>
		<bndbox>
			<xmin>300</xmin>
			<ymin>317</ymin>
			<xmax>469</xmax>
			<ymax>410</ymax>
		</bndbox>
	</object>
	<object>
		<name>car</name>
		<occluded>1</occluded>
		<truncated>0</truncated>
		<trafficLightColor>none</trafficLightColor>
		<bndbox>
			<xmin>588</xmin>
			<ymin>350</ymin>
			<xmax>636</xmax>
			<ymax>398</ymax>
		</bndbox>
	</object>
	<object>
		<name>car</name>
		<occluded>1</occluded>
		<truncated>0</truncated>
		<trafficLightColor>none</trafficLightColor>
		<bndbox>
			<xmin>625</xmin>
			<ymin>341</ymin>
			<xmax>657</xmax>
			<ymax>366</ymax>
		</bndbox>
	</object>
</annotation>
