<?xml version="1.0" ?>
<annotation>
	<folder>train</folder>
	<filename>00d79c0a-23bea078.jpg</filename>
	<size>
		<width>1280</width>
		<height>720</height>
		<depth>3</depth>
	</size>
	<weather>clear</weather>
	<scene>highway</scene>
	<timeofday>daytime</timeofday>
	<object>
		<name>traffic sign</name>
		<occluded>1</occluded>
		<truncated>0</truncated>
		<trafficLightColor>none</trafficLightColor>
		<bndbox>
			<xmin>406</xmin>
			<ymin>352</ymin>
			<xmax>496</xmax>
			<ymax>369</ymax>
		</bndbox>
	</object>
	<object>
		<name>traffic sign</name>
		<occluded>0</occluded>
		<truncated>1</truncated>
		<trafficLightColor>none</trafficLightColor>
		<bndbox>
			<xmin>347</xmin>
			<ymin>379</ymin>
			<xmax>368</xmax>
			<ymax>396</ymax>
		</bndbox>
	</object>
	<object>
		<name>car</name>
		<occluded>1</occluded>
		<truncated>0</truncated>
		<trafficLightColor>none</trafficLightColor>
		<bndbox>
			<xmin>339</xmin>
			<ymin>399</ymin>
			<xmax>361</xmax>
			<ymax>415</ymax>
		</bndbox>
	</object>
	<object>
		<name>car</name>
		<occluded>1</occluded>
		<truncated>0</truncated>
		<trafficLightColor>none</trafficLightColor>
		<bndbox>
			<xmin>258</xmin>
			<ymin>401</ymin>
			<xmax>282</xmax>
			<ymax>421</ymax>
		</bndbox>
	</object>
	<object>
		<name>car</name>
		<occluded>1</occluded>
		<truncated>0</truncated>
		<trafficLightColor>none</trafficLightColor>
		<bndbox>
			<xmin>79</xmin>
			<ymin>381</ymin>
			<xmax>138</xmax>
			<ymax>425</ymax>
		</bndbox>
	</object>
	<object>
		<name>car</name>
		<occluded>0</occluded>
		<truncated>1</truncated>
		<trafficLightColor>none</trafficLightColor>
		<bndbox>
			<xmin>0</xmin>
			<ymin>359</ymin>
			<xmax>50</xmax>
			<ymax>435</ymax>
		</bndbox>
	</object>
	<object>
		<name>car</name>
		<occluded>1</occluded>
		<truncated>0</truncated>
		<trafficLightColor>none</trafficLightColor>
		<bndbox>
			<xmin>509</xmin>
			<ymin>398</ymin>
			<xmax>541</xmax>
			<ymax>440</ymax>
		</bndbox>
	</object>
	<object>
		<name>car</name>
		<occluded>1</occluded>
		<truncated>0</truncated>
		<trafficLightColor>none</trafficLightColor>
		<bndbox>
			<xmin>541</xmin>
			<ymin>399</ymin>
			<xmax>555</xmax>
			<ymax>423</ymax>
		</bndbox>
	</object>
	<object>
		<name>bus</name>
		<occluded>1</occluded>
		<truncated>0</truncated>
		<trafficLightColor>none</trafficLightColor>
		<bndbox>
			<xmin>604</xmin>
			<ymin>357</ymin>
			<xmax>719</xmax>
			<ymax>448</ymax>
		</bndbox>
	</object>
	<object>
		<name>bus</name>
		<occluded>1</occluded>
		<truncated>0</truncated>
		<trafficLightColor>none</trafficLightColor>
		<bndbox>
			<xmin>719</xmin>
			<ymin>376</ymin>
			<xmax>800</xmax>
			<ymax>445</ymax>
		</bndbox>
	</object>
	<object>
		<name>car</name>
		<occluded>0</occluded>
		<truncated>0</truncated>
		<trafficLightColor>none</trafficLightColor>
		<bndbox>
			<xmin>752</xmin>
			<ymin>406</ymin>
			<xmax>842</xmax>
			<ymax>462</ymax>
		</bndbox>
	</object>
	<object>
		<name>car</name>
		<occluded>0</occluded>
		<truncated>0</truncated>
		<trafficLightColor>none</trafficLightColor>
		<bndbox>
			<xmin>543</xmin>
			<ymin>398</ymin>
			<xmax>627</xmax>
			<ymax>464</ymax>
		</bndbox>
	</object>
	<object>
		<name>car</name>
		<occluded>0</occluded>
		<truncated>0</truncated>
		<trafficLightColor>none</trafficLightColor>
		<bndbox>
			<xmin>379</xmin>
			<ymin>366</ymin>
			<xmax>519</xmax>
			<ymax>496</ymax>
		</bndbox>
	</object>
	<object>
		<name>car</name>
		<occluded>1</occluded>
		<truncated>1</truncated>
		<trafficLightColor>none</trafficLightColor>
		<bndbox>
			<xmin>945</xmin>
			<ymin>381</ymin>
			<xmax>1279</xmax>
			<ymax>543</ymax>
		</bndbox>
	</object>
	<object>
		<name>car</name>
		<occluded>0</occluded>
		<truncated>1</truncated>
		<trafficLightColor>none</trafficLightColor>
		<bndbox>
			<xmin>1205</xmin>
			<ymin>523</ymin>
			<xmax>1279</xmax>
			<ymax>604</ymax>
		</bndbox>
	</object>
</annotation>
