<?xml version="1.0" ?>
<annotation>
	<folder>train</folder>
	<filename>00d9e313-926b6698.jpg</filename>
	<size>
		<width>1280</width>
		<height>720</height>
		<depth>3</depth>
	</size>
	<weather>clear</weather>
	<scene>residential</scene>
	<timeofday>daytime</timeofday>
	<object>
		<name>traffic light</name>
		<occluded>0</occluded>
		<truncated>1</truncated>
		<trafficLightColor>green</trafficLightColor>
		<bndbox>
			<xmin>318</xmin>
			<ymin>0</ymin>
			<xmax>355</xmax>
			<ymax>72</ymax>
		</bndbox>
	</object>
	<object>
		<name>traffic light</name>
		<occluded>0</occluded>
		<truncated>1</truncated>
		<trafficLightColor>green</trafficLightColor>
		<bndbox>
			<xmin>98</xmin>
			<ymin>0</ymin>
			<xmax>139</xmax>
			<ymax>36</ymax>
		</bndbox>
	</object>
	<object>
		<name>traffic light</name>
		<occluded>0</occluded>
		<truncated>0</truncated>
		<trafficLightColor>none</trafficLightColor>
		<bndbox>
			<xmin>153</xmin>
			<ymin>3</ymin>
			<xmax>180</xmax>
			<ymax>27</ymax>
		</bndbox>
	</object>
	<object>
		<name>traffic sign</name>
		<occluded>0</occluded>
		<truncated>0</truncated>
		<trafficLightColor>none</trafficLightColor>
		<bndbox>
			<xmin>362</xmin>
			<ymin>83</ymin>
			<xmax>466</xmax>
			<ymax>117</ymax>
		</bndbox>
	</object>
	<object>
		<name>traffic light</name>
		<occluded>0</occluded>
		<truncated>0</truncated>
		<trafficLightColor>green</trafficLightColor>
		<bndbox>
			<xmin>555</xmin>
			<ymin>179</ymin>
			<xmax>579</xmax>
			<ymax>235</ymax>
		</bndbox>
	</object>
	<object>
		<name>traffic light</name>
		<occluded>0</occluded>
		<truncated>0</truncated>
		<trafficLightColor>green</trafficLightColor>
		<bndbox>
			<xmin>564</xmin>
			<ymin>267</ymin>
			<xmax>588</xmax>
			<ymax>290</ymax>
		</bndbox>
	</object>
	<object>
		<name>traffic light</name>
		<occluded>0</occluded>
		<truncated>0</truncated>
		<trafficLightColor>none</trafficLightColor>
		<bndbox>
			<xmin>799</xmin>
			<ymin>142</ymin>
			<xmax>844</xmax>
			<ymax>213</ymax>
		</bndbox>
	</object>
	<object>
		<name>traffic light</name>
		<occluded>0</occluded>
		<truncated>0</truncated>
		<trafficLightColor>none</trafficLightColor>
		<bndbox>
			<xmin>873</xmin>
			<ymin>164</ymin>
			<xmax>902</xmax>
			<ymax>217</ymax>
		</bndbox>
	</object>
	<object>
		<name>traffic light</name>
		<occluded>1</occluded>
		<truncated>0</truncated>
		<trafficLightColor>none</trafficLightColor>
		<bndbox>
			<xmin>833</xmin>
			<ymin>247</ymin>
			<xmax>854</xmax>
			<ymax>281</ymax>
		</bndbox>
	</object>
	<object>
		<name>traffic sign</name>
		<occluded>1</occluded>
		<truncated>0</truncated>
		<trafficLightColor>none</trafficLightColor>
		<bndbox>
			<xmin>849</xmin>
			<ymin>33</ymin>
			<xmax>886</xmax>
			<ymax>84</ymax>
		</bndbox>
	</object>
	<object>
		<name>traffic sign</name>
		<occluded>1</occluded>
		<truncated>0</truncated>
		<trafficLightColor>none</trafficLightColor>
		<bndbox>
			<xmin>840</xmin>
			<ymin>66</ymin>
			<xmax>896</xmax>
			<ymax>125</ymax>
		</bndbox>
	</object>
	<object>
		<name>traffic sign</name>
		<occluded>1</occluded>
		<truncated>0</truncated>
		<trafficLightColor>none</trafficLightColor>
		<bndbox>
			<xmin>561</xmin>
			<ymin>243</ymin>
			<xmax>610</xmax>
			<ymax>263</ymax>
		</bndbox>
	</object>
	<object>
		<name>traffic sign</name>
		<occluded>1</occluded>
		<truncated>0</truncated>
		<trafficLightColor>none</trafficLightColor>
		<bndbox>
			<xmin>502</xmin>
			<ymin>247</ymin>
			<xmax>538</xmax>
			<ymax>297</ymax>
		</bndbox>
	</object>
	<object>
		<name>person</name>
		<occluded>0</occluded>
		<truncated>0</truncated>
		<trafficLightColor>none</trafficLightColor>
		<bndbox>
			<xmin>807</xmin>
			<ymin>322</ymin>
			<xmax>871</xmax>
			<ymax>434</ymax>
		</bndbox>
	</object>
	<object>
		<name>car</name>
		<occluded>0</occluded>
		<truncated>1</truncated>
		<trafficLightColor>none</trafficLightColor>
		<bndbox>
			<xmin>1109</xmin>
			<ymin>252</ymin>
			<xmax>1277</xmax>
			<ymax>464</ymax>
		</bndbox>
	</object>
	<object>
		<name>rider</name>
		<occluded>1</occluded>
		<truncated>1</truncated>
		<trafficLightColor>none</trafficLightColor>
		<bndbox>
			<xmin>0</xmin>
			<ymin>234</ymin>
			<xmax>101</xmax>
			<ymax>442</ymax>
		</bndbox>
	</object>
	<object>
		<name>motor</name>
		<occluded>1</occluded>
		<truncated>1</truncated>
		<trafficLightColor>none</trafficLightColor>
		<bndbox>
			<xmin>0</xmin>
			<ymin>298</ymin>
			<xmax>101</xmax>
			<ymax>481</ymax>
		</bndbox>
	</object>
	<object>
		<name>car</name>
		<occluded>1</occluded>
		<truncated>0</truncated>
		<trafficLightColor>none</trafficLightColor>
		<bndbox>
			<xmin>401</xmin>
			<ymin>358</ymin>
			<xmax>411</xmax>
			<ymax>367</ymax>
		</bndbox>
	</object>
	<object>
		<name>car</name>
		<occluded>1</occluded>
		<truncated>0</truncated>
		<trafficLightColor>none</trafficLightColor>
		<bndbox>
			<xmin>424</xmin>
			<ymin>358</ymin>
			<xmax>434</xmax>
			<ymax>368</ymax>
		</bndbox>
	</object>
	<object>
		<name>car</name>
		<occluded>0</occluded>
		<truncated>0</truncated>
		<trafficLightColor>none</trafficLightColor>
		<bndbox>
			<xmin>405</xmin>
			<ymin>361</ymin>
			<xmax>414</xmax>
			<ymax>371</ymax>
		</bndbox>
	</object>
	<object>
		<name>traffic sign</name>
		<occluded>0</occluded>
		<truncated>0</truncated>
		<trafficLightColor>none</trafficLightColor>
		<bndbox>
			<xmin>538</xmin>
			<ymin>312</ymin>
			<xmax>556</xmax>
			<ymax>326</ymax>
		</bndbox>
	</object>
</annotation>
