<?xml version="1.0" ?>
<annotation>
	<folder>train</folder>
	<filename>00d9e313-7d75bb18.jpg</filename>
	<size>
		<width>1280</width>
		<height>720</height>
		<depth>3</depth>
	</size>
	<weather>clear</weather>
	<scene>city street</scene>
	<timeofday>daytime</timeofday>
	<object>
		<name>car</name>
		<occluded>0</occluded>
		<truncated>1</truncated>
		<trafficLightColor>none</trafficLightColor>
		<bndbox>
			<xmin>2</xmin>
			<ymin>99</ymin>
			<xmax>348</xmax>
			<ymax>445</ymax>
		</bndbox>
	</object>
	<object>
		<name>car</name>
		<occluded>0</occluded>
		<truncated>0</truncated>
		<trafficLightColor>none</trafficLightColor>
		<bndbox>
			<xmin>561</xmin>
			<ymin>331</ymin>
			<xmax>648</xmax>
			<ymax>408</ymax>
		</bndbox>
	</object>
	<object>
		<name>car</name>
		<occluded>1</occluded>
		<truncated>0</truncated>
		<trafficLightColor>none</trafficLightColor>
		<bndbox>
			<xmin>645</xmin>
			<ymin>353</ymin>
			<xmax>687</xmax>
			<ymax>399</ymax>
		</bndbox>
	</object>
	<object>
		<name>car</name>
		<occluded>0</occluded>
		<truncated>0</truncated>
		<trafficLightColor>none</trafficLightColor>
		<bndbox>
			<xmin>733</xmin>
			<ymin>361</ymin>
			<xmax>761</xmax>
			<ymax>385</ymax>
		</bndbox>
	</object>
	<object>
		<name>bus</name>
		<occluded>1</occluded>
		<truncated>0</truncated>
		<trafficLightColor>none</trafficLightColor>
		<bndbox>
			<xmin>751</xmin>
			<ymin>352</ymin>
			<xmax>785</xmax>
			<ymax>379</ymax>
		</bndbox>
	</object>
	<object>
		<name>car</name>
		<occluded>0</occluded>
		<truncated>0</truncated>
		<trafficLightColor>none</trafficLightColor>
		<bndbox>
			<xmin>700</xmin>
			<ymin>361</ymin>
			<xmax>713</xmax>
			<ymax>372</ymax>
		</bndbox>
	</object>
	<object>
		<name>traffic light</name>
		<occluded>0</occluded>
		<truncated>0</truncated>
		<trafficLightColor>green</trafficLightColor>
		<bndbox>
			<xmin>678</xmin>
			<ymin>183</ymin>
			<xmax>697</xmax>
			<ymax>231</ymax>
		</bndbox>
	</object>
	<object>
		<name>traffic light</name>
		<occluded>0</occluded>
		<truncated>0</truncated>
		<trafficLightColor>green</trafficLightColor>
		<bndbox>
			<xmin>864</xmin>
			<ymin>292</ymin>
			<xmax>876</xmax>
			<ymax>319</ymax>
		</bndbox>
	</object>
	<object>
		<name>traffic sign</name>
		<occluded>0</occluded>
		<truncated>0</truncated>
		<trafficLightColor>none</trafficLightColor>
		<bndbox>
			<xmin>969</xmin>
			<ymin>297</ymin>
			<xmax>989</xmax>
			<ymax>310</ymax>
		</bndbox>
	</object>
	<object>
		<name>traffic sign</name>
		<occluded>0</occluded>
		<truncated>0</truncated>
		<trafficLightColor>none</trafficLightColor>
		<bndbox>
			<xmin>996</xmin>
			<ymin>309</ymin>
			<xmax>1036</xmax>
			<ymax>321</ymax>
		</bndbox>
	</object>
	<object>
		<name>traffic light</name>
		<occluded>0</occluded>
		<truncated>0</truncated>
		<trafficLightColor>none</trafficLightColor>
		<bndbox>
			<xmin>716</xmin>
			<ymin>313</ymin>
			<xmax>723</xmax>
			<ymax>328</ymax>
		</bndbox>
	</object>
	<object>
		<name>traffic sign</name>
		<occluded>0</occluded>
		<truncated>0</truncated>
		<trafficLightColor>none</trafficLightColor>
		<bndbox>
			<xmin>702</xmin>
			<ymin>319</ymin>
			<xmax>716</xmax>
			<ymax>326</ymax>
		</bndbox>
	</object>
	<object>
		<name>traffic sign</name>
		<occluded>0</occluded>
		<truncated>0</truncated>
		<trafficLightColor>none</trafficLightColor>
		<bndbox>
			<xmin>841</xmin>
			<ymin>263</ymin>
			<xmax>858</xmax>
			<ymax>314</ymax>
		</bndbox>
	</object>
	<object>
		<name>traffic sign</name>
		<occluded>1</occluded>
		<truncated>0</truncated>
		<trafficLightColor>none</trafficLightColor>
		<bndbox>
			<xmin>844</xmin>
			<ymin>329</ymin>
			<xmax>880</xmax>
			<ymax>342</ymax>
		</bndbox>
	</object>
	<object>
		<name>traffic sign</name>
		<occluded>1</occluded>
		<truncated>0</truncated>
		<trafficLightColor>none</trafficLightColor>
		<bndbox>
			<xmin>526</xmin>
			<ymin>315</ymin>
			<xmax>539</xmax>
			<ymax>335</ymax>
		</bndbox>
	</object>
	<object>
		<name>person</name>
		<occluded>0</occluded>
		<truncated>1</truncated>
		<trafficLightColor>none</trafficLightColor>
		<bndbox>
			<xmin>1115</xmin>
			<ymin>363</ymin>
			<xmax>1144</xmax>
			<ymax>437</ymax>
		</bndbox>
	</object>
</annotation>
