<?xml version="1.0" ?>
<annotation>
	<folder>train</folder>
	<filename>00dc5030-237e7f71.jpg</filename>
	<size>
		<width>1280</width>
		<height>720</height>
		<depth>3</depth>
	</size>
	<weather>snowy</weather>
	<scene>city street</scene>
	<timeofday>dawn/dusk</timeofday>
	<object>
		<name>person</name>
		<occluded>1</occluded>
		<truncated>0</truncated>
		<trafficLightColor>none</trafficLightColor>
		<bndbox>
			<xmin>272</xmin>
			<ymin>335</ymin>
			<xmax>287</xmax>
			<ymax>379</ymax>
		</bndbox>
	</object>
	<object>
		<name>person</name>
		<occluded>0</occluded>
		<truncated>0</truncated>
		<trafficLightColor>none</trafficLightColor>
		<bndbox>
			<xmin>447</xmin>
			<ymin>326</ymin>
			<xmax>454</xmax>
			<ymax>349</ymax>
		</bndbox>
	</object>
	<object>
		<name>person</name>
		<occluded>0</occluded>
		<truncated>0</truncated>
		<trafficLightColor>none</trafficLightColor>
		<bndbox>
			<xmin>426</xmin>
			<ymin>329</ymin>
			<xmax>437</xmax>
			<ymax>353</ymax>
		</bndbox>
	</object>
	<object>
		<name>person</name>
		<occluded>0</occluded>
		<truncated>0</truncated>
		<trafficLightColor>none</trafficLightColor>
		<bndbox>
			<xmin>417</xmin>
			<ymin>330</ymin>
			<xmax>431</xmax>
			<ymax>356</ymax>
		</bndbox>
	</object>
	<object>
		<name>person</name>
		<occluded>0</occluded>
		<truncated>0</truncated>
		<trafficLightColor>none</trafficLightColor>
		<bndbox>
			<xmin>382</xmin>
			<ymin>331</ymin>
			<xmax>391</xmax>
			<ymax>357</ymax>
		</bndbox>
	</object>
	<object>
		<name>rider</name>
		<occluded>0</occluded>
		<truncated>0</truncated>
		<trafficLightColor>none</trafficLightColor>
		<bndbox>
			<xmin>359</xmin>
			<ymin>318</ymin>
			<xmax>380</xmax>
			<ymax>367</ymax>
		</bndbox>
	</object>
	<object>
		<name>bike</name>
		<occluded>0</occluded>
		<truncated>0</truncated>
		<trafficLightColor>none</trafficLightColor>
		<bndbox>
			<xmin>359</xmin>
			<ymin>345</ymin>
			<xmax>378</xmax>
			<ymax>375</ymax>
		</bndbox>
	</object>
	<object>
		<name>traffic light</name>
		<occluded>0</occluded>
		<truncated>0</truncated>
		<trafficLightColor>green</trafficLightColor>
		<bndbox>
			<xmin>437</xmin>
			<ymin>266</ymin>
			<xmax>449</xmax>
			<ymax>287</ymax>
		</bndbox>
	</object>
	<object>
		<name>traffic sign</name>
		<occluded>0</occluded>
		<truncated>1</truncated>
		<trafficLightColor>none</trafficLightColor>
		<bndbox>
			<xmin>0</xmin>
			<ymin>226</ymin>
			<xmax>25</xmax>
			<ymax>316</ymax>
		</bndbox>
	</object>
	<object>
		<name>traffic sign</name>
		<occluded>0</occluded>
		<truncated>1</truncated>
		<trafficLightColor>none</trafficLightColor>
		<bndbox>
			<xmin>433</xmin>
			<ymin>295</ymin>
			<xmax>450</xmax>
			<ymax>300</ymax>
		</bndbox>
	</object>
	<object>
		<name>traffic sign</name>
		<occluded>0</occluded>
		<truncated>1</truncated>
		<trafficLightColor>none</trafficLightColor>
		<bndbox>
			<xmin>374</xmin>
			<ymin>296</ymin>
			<xmax>392</xmax>
			<ymax>303</ymax>
		</bndbox>
	</object>
	<object>
		<name>car</name>
		<occluded>0</occluded>
		<truncated>0</truncated>
		<trafficLightColor>none</trafficLightColor>
		<bndbox>
			<xmin>442</xmin>
			<ymin>243</ymin>
			<xmax>761</xmax>
			<ymax>535</ymax>
		</bndbox>
	</object>
</annotation>
