<?xml version="1.0" ?>
<annotation>
	<folder>train</folder>
	<filename>00e02d60-54df99d1.jpg</filename>
	<size>
		<width>1280</width>
		<height>720</height>
		<depth>3</depth>
	</size>
	<weather>snowy</weather>
	<scene>city street</scene>
	<timeofday>night</timeofday>
	<object>
		<name>traffic light</name>
		<occluded>0</occluded>
		<truncated>0</truncated>
		<trafficLightColor>green</trafficLightColor>
		<bndbox>
			<xmin>700</xmin>
			<ymin>89</ymin>
			<xmax>718</xmax>
			<ymax>137</ymax>
		</bndbox>
	</object>
	<object>
		<name>traffic light</name>
		<occluded>0</occluded>
		<truncated>0</truncated>
		<trafficLightColor>green</trafficLightColor>
		<bndbox>
			<xmin>1127</xmin>
			<ymin>137</ymin>
			<xmax>1143</xmax>
			<ymax>179</ymax>
		</bndbox>
	</object>
	<object>
		<name>traffic light</name>
		<occluded>0</occluded>
		<truncated>0</truncated>
		<trafficLightColor>green</trafficLightColor>
		<bndbox>
			<xmin>337</xmin>
			<ymin>275</ymin>
			<xmax>358</xmax>
			<ymax>299</ymax>
		</bndbox>
	</object>
	<object>
		<name>traffic light</name>
		<occluded>0</occluded>
		<truncated>0</truncated>
		<trafficLightColor>red</trafficLightColor>
		<bndbox>
			<xmin>309</xmin>
			<ymin>248</ymin>
			<xmax>337</xmax>
			<ymax>275</ymax>
		</bndbox>
	</object>
	<object>
		<name>traffic light</name>
		<occluded>0</occluded>
		<truncated>0</truncated>
		<trafficLightColor>red</trafficLightColor>
		<bndbox>
			<xmin>725</xmin>
			<ymin>89</ymin>
			<xmax>740</xmax>
			<ymax>136</ymax>
		</bndbox>
	</object>
	<object>
		<name>traffic light</name>
		<occluded>0</occluded>
		<truncated>0</truncated>
		<trafficLightColor>red</trafficLightColor>
		<bndbox>
			<xmin>1110</xmin>
			<ymin>143</ymin>
			<xmax>1127</xmax>
			<ymax>173</ymax>
		</bndbox>
	</object>
	<object>
		<name>traffic light</name>
		<occluded>0</occluded>
		<truncated>0</truncated>
		<trafficLightColor>red</trafficLightColor>
		<bndbox>
			<xmin>1143</xmin>
			<ymin>143</ymin>
			<xmax>1163</xmax>
			<ymax>178</ymax>
		</bndbox>
	</object>
	<object>
		<name>traffic light</name>
		<occluded>0</occluded>
		<truncated>0</truncated>
		<trafficLightColor>none</trafficLightColor>
		<bndbox>
			<xmin>281</xmin>
			<ymin>250</ymin>
			<xmax>306</xmax>
			<ymax>269</ymax>
		</bndbox>
	</object>
	<object>
		<name>traffic light</name>
		<occluded>1</occluded>
		<truncated>0</truncated>
		<trafficLightColor>none</trafficLightColor>
		<bndbox>
			<xmin>694</xmin>
			<ymin>98</ymin>
			<xmax>706</xmax>
			<ymax>140</ymax>
		</bndbox>
	</object>
	<object>
		<name>traffic sign</name>
		<occluded>0</occluded>
		<truncated>0</truncated>
		<trafficLightColor>none</trafficLightColor>
		<bndbox>
			<xmin>299</xmin>
			<ymin>161</ymin>
			<xmax>337</xmax>
			<ymax>220</ymax>
		</bndbox>
	</object>
	<object>
		<name>car</name>
		<occluded>1</occluded>
		<truncated>0</truncated>
		<trafficLightColor>none</trafficLightColor>
		<bndbox>
			<xmin>306</xmin>
			<ymin>314</ymin>
			<xmax>411</xmax>
			<ymax>347</ymax>
		</bndbox>
	</object>
	<object>
		<name>car</name>
		<occluded>1</occluded>
		<truncated>0</truncated>
		<trafficLightColor>none</trafficLightColor>
		<bndbox>
			<xmin>112</xmin>
			<ymin>326</ymin>
			<xmax>385</xmax>
			<ymax>435</ymax>
		</bndbox>
	</object>
	<object>
		<name>car</name>
		<occluded>1</occluded>
		<truncated>0</truncated>
		<trafficLightColor>none</trafficLightColor>
		<bndbox>
			<xmin>862</xmin>
			<ymin>324</ymin>
			<xmax>910</xmax>
			<ymax>368</ymax>
		</bndbox>
	</object>
	<object>
		<name>car</name>
		<occluded>1</occluded>
		<truncated>0</truncated>
		<trafficLightColor>none</trafficLightColor>
		<bndbox>
			<xmin>899</xmin>
			<ymin>322</ymin>
			<xmax>1005</xmax>
			<ymax>395</ymax>
		</bndbox>
	</object>
	<object>
		<name>car</name>
		<occluded>0</occluded>
		<truncated>0</truncated>
		<trafficLightColor>none</trafficLightColor>
		<bndbox>
			<xmin>418</xmin>
			<ymin>305</ymin>
			<xmax>556</xmax>
			<ymax>371</ymax>
		</bndbox>
	</object>
	<object>
		<name>car</name>
		<occluded>0</occluded>
		<truncated>0</truncated>
		<trafficLightColor>none</trafficLightColor>
		<bndbox>
			<xmin>642</xmin>
			<ymin>277</ymin>
			<xmax>889</xmax>
			<ymax>476</ymax>
		</bndbox>
	</object>
	<object>
		<name>car</name>
		<occluded>0</occluded>
		<truncated>1</truncated>
		<trafficLightColor>none</trafficLightColor>
		<bndbox>
			<xmin>0</xmin>
			<ymin>302</ymin>
			<xmax>107</xmax>
			<ymax>447</ymax>
		</bndbox>
	</object>
	<object>
		<name>car</name>
		<occluded>0</occluded>
		<truncated>1</truncated>
		<trafficLightColor>none</trafficLightColor>
		<bndbox>
			<xmin>999</xmin>
			<ymin>245</ymin>
			<xmax>1278</xmax>
			<ymax>494</ymax>
		</bndbox>
	</object>
</annotation>
