<?xml version="1.0" ?>
<annotation>
	<folder>train</folder>
	<filename>00e100a8-9c852617.jpg</filename>
	<size>
		<width>1280</width>
		<height>720</height>
		<depth>3</depth>
	</size>
	<weather>clear</weather>
	<scene>highway</scene>
	<timeofday>night</timeofday>
	<object>
		<name>traffic sign</name>
		<occluded>0</occluded>
		<truncated>0</truncated>
		<trafficLightColor>none</trafficLightColor>
		<bndbox>
			<xmin>640</xmin>
			<ymin>249</ymin>
			<xmax>681</xmax>
			<ymax>287</ymax>
		</bndbox>
	</object>
	<object>
		<name>traffic sign</name>
		<occluded>0</occluded>
		<truncated>0</truncated>
		<trafficLightColor>none</trafficLightColor>
		<bndbox>
			<xmin>593</xmin>
			<ymin>253</ymin>
			<xmax>639</xmax>
			<ymax>289</ymax>
		</bndbox>
	</object>
	<object>
		<name>traffic sign</name>
		<occluded>0</occluded>
		<truncated>0</truncated>
		<trafficLightColor>none</trafficLightColor>
		<bndbox>
			<xmin>551</xmin>
			<ymin>257</ymin>
			<xmax>596</xmax>
			<ymax>290</ymax>
		</bndbox>
	</object>
	<object>
		<name>car</name>
		<occluded>0</occluded>
		<truncated>0</truncated>
		<trafficLightColor>none</trafficLightColor>
		<bndbox>
			<xmin>461</xmin>
			<ymin>315</ymin>
			<xmax>538</xmax>
			<ymax>359</ymax>
		</bndbox>
	</object>
</annotation>
