<?xml version="1.0" ?>
<annotation>
	<folder>train</folder>
	<filename>00e42886-b826e91d.jpg</filename>
	<size>
		<width>1280</width>
		<height>720</height>
		<depth>3</depth>
	</size>
	<weather>clear</weather>
	<scene>city street</scene>
	<timeofday>night</timeofday>
	<object>
		<name>traffic light</name>
		<occluded>0</occluded>
		<truncated>0</truncated>
		<trafficLightColor>red</trafficLightColor>
		<bndbox>
			<xmin>405</xmin>
			<ymin>198</ymin>
			<xmax>416</xmax>
			<ymax>223</ymax>
		</bndbox>
	</object>
	<object>
		<name>traffic light</name>
		<occluded>0</occluded>
		<truncated>0</truncated>
		<trafficLightColor>red</trafficLightColor>
		<bndbox>
			<xmin>742</xmin>
			<ymin>177</ymin>
			<xmax>756</xmax>
			<ymax>210</ymax>
		</bndbox>
	</object>
	<object>
		<name>traffic light</name>
		<occluded>0</occluded>
		<truncated>0</truncated>
		<trafficLightColor>yellow</trafficLightColor>
		<bndbox>
			<xmin>824</xmin>
			<ymin>303</ymin>
			<xmax>843</xmax>
			<ymax>324</ymax>
		</bndbox>
	</object>
	<object>
		<name>traffic light</name>
		<occluded>0</occluded>
		<truncated>0</truncated>
		<trafficLightColor>red</trafficLightColor>
		<bndbox>
			<xmin>525</xmin>
			<ymin>315</ymin>
			<xmax>539</xmax>
			<ymax>338</ymax>
		</bndbox>
	</object>
	<object>
		<name>traffic light</name>
		<occluded>0</occluded>
		<truncated>0</truncated>
		<trafficLightColor>green</trafficLightColor>
		<bndbox>
			<xmin>1016</xmin>
			<ymin>283</ymin>
			<xmax>1063</xmax>
			<ymax>310</ymax>
		</bndbox>
	</object>
	<object>
		<name>traffic sign</name>
		<occluded>0</occluded>
		<truncated>0</truncated>
		<trafficLightColor>none</trafficLightColor>
		<bndbox>
			<xmin>159</xmin>
			<ymin>237</ymin>
			<xmax>197</xmax>
			<ymax>249</ymax>
		</bndbox>
	</object>
	<object>
		<name>traffic sign</name>
		<occluded>1</occluded>
		<truncated>0</truncated>
		<trafficLightColor>none</trafficLightColor>
		<bndbox>
			<xmin>34</xmin>
			<ymin>176</ymin>
			<xmax>67</xmax>
			<ymax>191</ymax>
		</bndbox>
	</object>
	<object>
		<name>traffic sign</name>
		<occluded>1</occluded>
		<truncated>0</truncated>
		<trafficLightColor>none</trafficLightColor>
		<bndbox>
			<xmin>40</xmin>
			<ymin>194</ymin>
			<xmax>85</xmax>
			<ymax>211</ymax>
		</bndbox>
	</object>
	<object>
		<name>traffic sign</name>
		<occluded>0</occluded>
		<truncated>0</truncated>
		<trafficLightColor>none</trafficLightColor>
		<bndbox>
			<xmin>987</xmin>
			<ymin>271</ymin>
			<xmax>1008</xmax>
			<ymax>295</ymax>
		</bndbox>
	</object>
	<object>
		<name>traffic sign</name>
		<occluded>0</occluded>
		<truncated>0</truncated>
		<trafficLightColor>none</trafficLightColor>
		<bndbox>
			<xmin>805</xmin>
			<ymin>236</ymin>
			<xmax>842</xmax>
			<ymax>250</ymax>
		</bndbox>
	</object>
	<object>
		<name>traffic light</name>
		<occluded>0</occluded>
		<truncated>0</truncated>
		<trafficLightColor>green</trafficLightColor>
		<bndbox>
			<xmin>808</xmin>
			<ymin>205</ymin>
			<xmax>824</xmax>
			<ymax>237</ymax>
		</bndbox>
	</object>
	<object>
		<name>traffic sign</name>
		<occluded>0</occluded>
		<truncated>0</truncated>
		<trafficLightColor>none</trafficLightColor>
		<bndbox>
			<xmin>979</xmin>
			<ymin>234</ymin>
			<xmax>1003</xmax>
			<ymax>249</ymax>
		</bndbox>
	</object>
	<object>
		<name>traffic sign</name>
		<occluded>0</occluded>
		<truncated>0</truncated>
		<trafficLightColor>none</trafficLightColor>
		<bndbox>
			<xmin>983</xmin>
			<ymin>218</ymin>
			<xmax>1003</xmax>
			<ymax>237</ymax>
		</bndbox>
	</object>
	<object>
		<name>traffic light</name>
		<occluded>0</occluded>
		<truncated>0</truncated>
		<trafficLightColor>red</trafficLightColor>
		<bndbox>
			<xmin>659</xmin>
			<ymin>304</ymin>
			<xmax>671</xmax>
			<ymax>324</ymax>
		</bndbox>
	</object>
	<object>
		<name>car</name>
		<occluded>1</occluded>
		<truncated>0</truncated>
		<trafficLightColor>none</trafficLightColor>
		<bndbox>
			<xmin>540</xmin>
			<ymin>312</ymin>
			<xmax>681</xmax>
			<ymax>355</ymax>
		</bndbox>
	</object>
	<object>
		<name>car</name>
		<occluded>1</occluded>
		<truncated>0</truncated>
		<trafficLightColor>none</trafficLightColor>
		<bndbox>
			<xmin>240</xmin>
			<ymin>318</ymin>
			<xmax>430</xmax>
			<ymax>488</ymax>
		</bndbox>
	</object>
	<object>
		<name>car</name>
		<occluded>0</occluded>
		<truncated>0</truncated>
		<trafficLightColor>none</trafficLightColor>
		<bndbox>
			<xmin>447</xmin>
			<ymin>338</ymin>
			<xmax>495</xmax>
			<ymax>376</ymax>
		</bndbox>
	</object>
	<object>
		<name>car</name>
		<occluded>0</occluded>
		<truncated>1</truncated>
		<trafficLightColor>none</trafficLightColor>
		<bndbox>
			<xmin>0</xmin>
			<ymin>185</ymin>
			<xmax>342</xmax>
			<ymax>645</ymax>
		</bndbox>
	</object>
	<object>
		<name>car</name>
		<occluded>0</occluded>
		<truncated>1</truncated>
		<trafficLightColor>none</trafficLightColor>
		<bndbox>
			<xmin>384</xmin>
			<ymin>346</ymin>
			<xmax>928</xmax>
			<ymax>654</ymax>
		</bndbox>
	</object>
	<object>
		<name>bike</name>
		<occluded>0</occluded>
		<truncated>1</truncated>
		<trafficLightColor>none</trafficLightColor>
		<bndbox>
			<xmin>1199</xmin>
			<ymin>450</ymin>
			<xmax>1279</xmax>
			<ymax>555</ymax>
		</bndbox>
	</object>
	<object>
		<name>traffic light</name>
		<occluded>0</occluded>
		<truncated>0</truncated>
		<trafficLightColor>none</trafficLightColor>
		<bndbox>
			<xmin>719</xmin>
			<ymin>175</ymin>
			<xmax>732</xmax>
			<ymax>217</ymax>
		</bndbox>
	</object>
</annotation>
