<?xml version="1.0" ?>
<annotation>
	<folder>train</folder>
	<filename>00e5e793-22614772.jpg</filename>
	<size>
		<width>1280</width>
		<height>720</height>
		<depth>3</depth>
	</size>
	<weather>clear</weather>
	<scene>city street</scene>
	<timeofday>night</timeofday>
	<object>
		<name>car</name>
		<occluded>0</occluded>
		<truncated>0</truncated>
		<trafficLightColor>none</trafficLightColor>
		<bndbox>
			<xmin>427</xmin>
			<ymin>468</ymin>
			<xmax>457</xmax>
			<ymax>485</ymax>
		</bndbox>
	</object>
	<object>
		<name>motor</name>
		<occluded>1</occluded>
		<truncated>0</truncated>
		<trafficLightColor>none</trafficLightColor>
		<bndbox>
			<xmin>463</xmin>
			<ymin>467</ymin>
			<xmax>479</xmax>
			<ymax>490</ymax>
		</bndbox>
	</object>
	<object>
		<name>rider</name>
		<occluded>0</occluded>
		<truncated>0</truncated>
		<trafficLightColor>none</trafficLightColor>
		<bndbox>
			<xmin>463</xmin>
			<ymin>450</ymin>
			<xmax>482</xmax>
			<ymax>470</ymax>
		</bndbox>
	</object>
	<object>
		<name>traffic sign</name>
		<occluded>0</occluded>
		<truncated>0</truncated>
		<trafficLightColor>none</trafficLightColor>
		<bndbox>
			<xmin>293</xmin>
			<ymin>393</ymin>
			<xmax>307</xmax>
			<ymax>408</ymax>
		</bndbox>
	</object>
	<object>
		<name>traffic sign</name>
		<occluded>0</occluded>
		<truncated>0</truncated>
		<trafficLightColor>none</trafficLightColor>
		<bndbox>
			<xmin>289</xmin>
			<ymin>411</ymin>
			<xmax>306</xmax>
			<ymax>427</ymax>
		</bndbox>
	</object>
	<object>
		<name>traffic sign</name>
		<occluded>0</occluded>
		<truncated>0</truncated>
		<trafficLightColor>none</trafficLightColor>
		<bndbox>
			<xmin>609</xmin>
			<ymin>407</ymin>
			<xmax>649</xmax>
			<ymax>436</ymax>
		</bndbox>
	</object>
	<object>
		<name>traffic sign</name>
		<occluded>0</occluded>
		<truncated>0</truncated>
		<trafficLightColor>none</trafficLightColor>
		<bndbox>
			<xmin>693</xmin>
			<ymin>375</ymin>
			<xmax>734</xmax>
			<ymax>411</ymax>
		</bndbox>
	</object>
	<object>
		<name>traffic sign</name>
		<occluded>1</occluded>
		<truncated>0</truncated>
		<trafficLightColor>none</trafficLightColor>
		<bndbox>
			<xmin>691</xmin>
			<ymin>361</ymin>
			<xmax>743</xmax>
			<ymax>399</ymax>
		</bndbox>
	</object>
	<object>
		<name>traffic sign</name>
		<occluded>0</occluded>
		<truncated>0</truncated>
		<trafficLightColor>none</trafficLightColor>
		<bndbox>
			<xmin>800</xmin>
			<ymin>318</ymin>
			<xmax>828</xmax>
			<ymax>345</ymax>
		</bndbox>
	</object>
	<object>
		<name>traffic sign</name>
		<occluded>0</occluded>
		<truncated>0</truncated>
		<trafficLightColor>none</trafficLightColor>
		<bndbox>
			<xmin>802</xmin>
			<ymin>349</ymin>
			<xmax>831</xmax>
			<ymax>379</ymax>
		</bndbox>
	</object>
	<object>
		<name>traffic light</name>
		<occluded>0</occluded>
		<truncated>0</truncated>
		<trafficLightColor>red</trafficLightColor>
		<bndbox>
			<xmin>572</xmin>
			<ymin>438</ymin>
			<xmax>589</xmax>
			<ymax>457</ymax>
		</bndbox>
	</object>
</annotation>
