<?xml version="1.0" ?>
<annotation>
	<folder>train</folder>
	<filename>00e81dcc-b1dd9e7b.jpg</filename>
	<size>
		<width>1280</width>
		<height>720</height>
		<depth>3</depth>
	</size>
	<weather>clear</weather>
	<scene>city street</scene>
	<timeofday>night</timeofday>
	<object>
		<name>car</name>
		<occluded>1</occluded>
		<truncated>0</truncated>
		<trafficLightColor>none</trafficLightColor>
		<bndbox>
			<xmin>467</xmin>
			<ymin>291</ymin>
			<xmax>490</xmax>
			<ymax>300</ymax>
		</bndbox>
	</object>
	<object>
		<name>car</name>
		<occluded>1</occluded>
		<truncated>0</truncated>
		<trafficLightColor>none</trafficLightColor>
		<bndbox>
			<xmin>441</xmin>
			<ymin>287</ymin>
			<xmax>467</xmax>
			<ymax>300</ymax>
		</bndbox>
	</object>
	<object>
		<name>car</name>
		<occluded>1</occluded>
		<truncated>1</truncated>
		<trafficLightColor>none</trafficLightColor>
		<bndbox>
			<xmin>0</xmin>
			<ymin>278</ymin>
			<xmax>120</xmax>
			<ymax>311</ymax>
		</bndbox>
	</object>
	<object>
		<name>car</name>
		<occluded>0</occluded>
		<truncated>0</truncated>
		<trafficLightColor>none</trafficLightColor>
		<bndbox>
			<xmin>516</xmin>
			<ymin>289</ymin>
			<xmax>549</xmax>
			<ymax>317</ymax>
		</bndbox>
	</object>
	<object>
		<name>car</name>
		<occluded>0</occluded>
		<truncated>0</truncated>
		<trafficLightColor>none</trafficLightColor>
		<bndbox>
			<xmin>649</xmin>
			<ymin>290</ymin>
			<xmax>701</xmax>
			<ymax>329</ymax>
		</bndbox>
	</object>
	<object>
		<name>car</name>
		<occluded>0</occluded>
		<truncated>0</truncated>
		<trafficLightColor>none</trafficLightColor>
		<bndbox>
			<xmin>555</xmin>
			<ymin>286</ymin>
			<xmax>625</xmax>
			<ymax>344</ymax>
		</bndbox>
	</object>
	<object>
		<name>car</name>
		<occluded>1</occluded>
		<truncated>0</truncated>
		<trafficLightColor>none</trafficLightColor>
		<bndbox>
			<xmin>829</xmin>
			<ymin>279</ymin>
			<xmax>861</xmax>
			<ymax>308</ymax>
		</bndbox>
	</object>
	<object>
		<name>car</name>
		<occluded>1</occluded>
		<truncated>0</truncated>
		<trafficLightColor>none</trafficLightColor>
		<bndbox>
			<xmin>182</xmin>
			<ymin>274</ymin>
			<xmax>245</xmax>
			<ymax>300</ymax>
		</bndbox>
	</object>
	<object>
		<name>car</name>
		<occluded>1</occluded>
		<truncated>0</truncated>
		<trafficLightColor>none</trafficLightColor>
		<bndbox>
			<xmin>349</xmin>
			<ymin>275</ymin>
			<xmax>402</xmax>
			<ymax>298</ymax>
		</bndbox>
	</object>
</annotation>
