<?xml version="1.0" ?>
<annotation>
	<folder>train</folder>
	<filename>00ecf963-bea6bf0f.jpg</filename>
	<size>
		<width>1280</width>
		<height>720</height>
		<depth>3</depth>
	</size>
	<weather>clear</weather>
	<scene>highway</scene>
	<timeofday>daytime</timeofday>
	<object>
		<name>car</name>
		<occluded>0</occluded>
		<truncated>1</truncated>
		<trafficLightColor>none</trafficLightColor>
		<bndbox>
			<xmin>0</xmin>
			<ymin>378</ymin>
			<xmax>127</xmax>
			<ymax>633</ymax>
		</bndbox>
	</object>
	<object>
		<name>car</name>
		<occluded>0</occluded>
		<truncated>0</truncated>
		<trafficLightColor>none</trafficLightColor>
		<bndbox>
			<xmin>163</xmin>
			<ymin>416</ymin>
			<xmax>255</xmax>
			<ymax>453</ymax>
		</bndbox>
	</object>
	<object>
		<name>car</name>
		<occluded>0</occluded>
		<truncated>0</truncated>
		<trafficLightColor>none</trafficLightColor>
		<bndbox>
			<xmin>315</xmin>
			<ymin>413</ymin>
			<xmax>359</xmax>
			<ymax>440</ymax>
		</bndbox>
	</object>
	<object>
		<name>car</name>
		<occluded>0</occluded>
		<truncated>0</truncated>
		<trafficLightColor>none</trafficLightColor>
		<bndbox>
			<xmin>374</xmin>
			<ymin>417</ymin>
			<xmax>403</xmax>
			<ymax>434</ymax>
		</bndbox>
	</object>
	<object>
		<name>car</name>
		<occluded>1</occluded>
		<truncated>0</truncated>
		<trafficLightColor>none</trafficLightColor>
		<bndbox>
			<xmin>357</xmin>
			<ymin>414</ymin>
			<xmax>374</xmax>
			<ymax>432</ymax>
		</bndbox>
	</object>
	<object>
		<name>car</name>
		<occluded>1</occluded>
		<truncated>0</truncated>
		<trafficLightColor>none</trafficLightColor>
		<bndbox>
			<xmin>399</xmin>
			<ymin>417</ymin>
			<xmax>417</xmax>
			<ymax>432</ymax>
		</bndbox>
	</object>
	<object>
		<name>bus</name>
		<occluded>1</occluded>
		<truncated>0</truncated>
		<trafficLightColor>none</trafficLightColor>
		<bndbox>
			<xmin>457</xmin>
			<ymin>380</ymin>
			<xmax>558</xmax>
			<ymax>441</ymax>
		</bndbox>
	</object>
	<object>
		<name>car</name>
		<occluded>0</occluded>
		<truncated>0</truncated>
		<trafficLightColor>none</trafficLightColor>
		<bndbox>
			<xmin>466</xmin>
			<ymin>402</ymin>
			<xmax>558</xmax>
			<ymax>472</ymax>
		</bndbox>
	</object>
	<object>
		<name>car</name>
		<occluded>1</occluded>
		<truncated>0</truncated>
		<trafficLightColor>none</trafficLightColor>
		<bndbox>
			<xmin>633</xmin>
			<ymin>415</ymin>
			<xmax>646</xmax>
			<ymax>431</ymax>
		</bndbox>
	</object>
	<object>
		<name>traffic sign</name>
		<occluded>0</occluded>
		<truncated>0</truncated>
		<trafficLightColor>none</trafficLightColor>
		<bndbox>
			<xmin>731</xmin>
			<ymin>137</ymin>
			<xmax>910</xmax>
			<ymax>317</ymax>
		</bndbox>
	</object>
	<object>
		<name>traffic light</name>
		<occluded>0</occluded>
		<truncated>0</truncated>
		<trafficLightColor>none</trafficLightColor>
		<bndbox>
			<xmin>508</xmin>
			<ymin>367</ymin>
			<xmax>520</xmax>
			<ymax>384</ymax>
		</bndbox>
	</object>
	<object>
		<name>traffic light</name>
		<occluded>0</occluded>
		<truncated>0</truncated>
		<trafficLightColor>none</trafficLightColor>
		<bndbox>
			<xmin>617</xmin>
			<ymin>356</ymin>
			<xmax>624</xmax>
			<ymax>370</ymax>
		</bndbox>
	</object>
	<object>
		<name>traffic sign</name>
		<occluded>0</occluded>
		<truncated>0</truncated>
		<trafficLightColor>none</trafficLightColor>
		<bndbox>
			<xmin>384</xmin>
			<ymin>353</ymin>
			<xmax>416</xmax>
			<ymax>407</ymax>
		</bndbox>
	</object>
</annotation>
