<?xml version="1.0" ?>
<annotation>
	<folder>train</folder>
	<filename>00edfec7-4d92adef.jpg</filename>
	<size>
		<width>1280</width>
		<height>720</height>
		<depth>3</depth>
	</size>
	<weather>clear</weather>
	<scene>city street</scene>
	<timeofday>night</timeofday>
	<object>
		<name>car</name>
		<occluded>0</occluded>
		<truncated>0</truncated>
		<trafficLightColor>none</trafficLightColor>
		<bndbox>
			<xmin>702</xmin>
			<ymin>430</ymin>
			<xmax>724</xmax>
			<ymax>448</ymax>
		</bndbox>
	</object>
	<object>
		<name>car</name>
		<occluded>0</occluded>
		<truncated>0</truncated>
		<trafficLightColor>none</trafficLightColor>
		<bndbox>
			<xmin>725</xmin>
			<ymin>433</ymin>
			<xmax>745</xmax>
			<ymax>455</ymax>
		</bndbox>
	</object>
	<object>
		<name>car</name>
		<occluded>0</occluded>
		<truncated>0</truncated>
		<trafficLightColor>none</trafficLightColor>
		<bndbox>
			<xmin>768</xmin>
			<ymin>441</ymin>
			<xmax>799</xmax>
			<ymax>456</ymax>
		</bndbox>
	</object>
	<object>
		<name>traffic light</name>
		<occluded>0</occluded>
		<truncated>0</truncated>
		<trafficLightColor>green</trafficLightColor>
		<bndbox>
			<xmin>782</xmin>
			<ymin>405</ymin>
			<xmax>791</xmax>
			<ymax>422</ymax>
		</bndbox>
	</object>
	<object>
		<name>car</name>
		<occluded>1</occluded>
		<truncated>0</truncated>
		<trafficLightColor>none</trafficLightColor>
		<bndbox>
			<xmin>822</xmin>
			<ymin>439</ymin>
			<xmax>854</xmax>
			<ymax>458</ymax>
		</bndbox>
	</object>
	<object>
		<name>car</name>
		<occluded>1</occluded>
		<truncated>0</truncated>
		<trafficLightColor>none</trafficLightColor>
		<bndbox>
			<xmin>831</xmin>
			<ymin>405</ymin>
			<xmax>999</xmax>
			<ymax>571</ymax>
		</bndbox>
	</object>
	<object>
		<name>car</name>
		<occluded>0</occluded>
		<truncated>1</truncated>
		<trafficLightColor>none</trafficLightColor>
		<bndbox>
			<xmin>926</xmin>
			<ymin>379</ymin>
			<xmax>1280</xmax>
			<ymax>719</ymax>
		</bndbox>
	</object>
</annotation>
