<?xml version="1.0" ?>
<annotation>
	<folder>train</folder>
	<filename>00f0dd0f-5e9c9557.jpg</filename>
	<size>
		<width>1280</width>
		<height>720</height>
		<depth>3</depth>
	</size>
	<weather>clear</weather>
	<scene>city street</scene>
	<timeofday>dawn/dusk</timeofday>
	<object>
		<name>traffic light</name>
		<occluded>0</occluded>
		<truncated>0</truncated>
		<trafficLightColor>green</trafficLightColor>
		<bndbox>
			<xmin>685</xmin>
			<ymin>249</ymin>
			<xmax>698</xmax>
			<ymax>286</ymax>
		</bndbox>
	</object>
	<object>
		<name>traffic light</name>
		<occluded>0</occluded>
		<truncated>0</truncated>
		<trafficLightColor>green</trafficLightColor>
		<bndbox>
			<xmin>655</xmin>
			<ymin>252</ymin>
			<xmax>669</xmax>
			<ymax>286</ymax>
		</bndbox>
	</object>
	<object>
		<name>traffic light</name>
		<occluded>0</occluded>
		<truncated>0</truncated>
		<trafficLightColor>none</trafficLightColor>
		<bndbox>
			<xmin>669</xmin>
			<ymin>252</ymin>
			<xmax>687</xmax>
			<ymax>287</ymax>
		</bndbox>
	</object>
	<object>
		<name>traffic light</name>
		<occluded>0</occluded>
		<truncated>0</truncated>
		<trafficLightColor>green</trafficLightColor>
		<bndbox>
			<xmin>561</xmin>
			<ymin>316</ymin>
			<xmax>573</xmax>
			<ymax>338</ymax>
		</bndbox>
	</object>
	<object>
		<name>traffic sign</name>
		<occluded>0</occluded>
		<truncated>0</truncated>
		<trafficLightColor>none</trafficLightColor>
		<bndbox>
			<xmin>656</xmin>
			<ymin>236</ymin>
			<xmax>669</xmax>
			<ymax>250</ymax>
		</bndbox>
	</object>
	<object>
		<name>traffic sign</name>
		<occluded>0</occluded>
		<truncated>0</truncated>
		<trafficLightColor>none</trafficLightColor>
		<bndbox>
			<xmin>682</xmin>
			<ymin>236</ymin>
			<xmax>693</xmax>
			<ymax>249</ymax>
		</bndbox>
	</object>
	<object>
		<name>traffic sign</name>
		<occluded>0</occluded>
		<truncated>0</truncated>
		<trafficLightColor>none</trafficLightColor>
		<bndbox>
			<xmin>670</xmin>
			<ymin>236</ymin>
			<xmax>679</xmax>
			<ymax>249</ymax>
		</bndbox>
	</object>
	<object>
		<name>traffic light</name>
		<occluded>0</occluded>
		<truncated>0</truncated>
		<trafficLightColor>red</trafficLightColor>
		<bndbox>
			<xmin>607</xmin>
			<ymin>365</ymin>
			<xmax>613</xmax>
			<ymax>381</ymax>
		</bndbox>
	</object>
	<object>
		<name>traffic light</name>
		<occluded>0</occluded>
		<truncated>0</truncated>
		<trafficLightColor>green</trafficLightColor>
		<bndbox>
			<xmin>503</xmin>
			<ymin>376</ymin>
			<xmax>512</xmax>
			<ymax>390</ymax>
		</bndbox>
	</object>
	<object>
		<name>car</name>
		<occluded>1</occluded>
		<truncated>0</truncated>
		<trafficLightColor>none</trafficLightColor>
		<bndbox>
			<xmin>576</xmin>
			<ymin>402</ymin>
			<xmax>593</xmax>
			<ymax>425</ymax>
		</bndbox>
	</object>
	<object>
		<name>car</name>
		<occluded>1</occluded>
		<truncated>0</truncated>
		<trafficLightColor>none</trafficLightColor>
		<bndbox>
			<xmin>592</xmin>
			<ymin>408</ymin>
			<xmax>641</xmax>
			<ymax>474</ymax>
		</bndbox>
	</object>
	<object>
		<name>car</name>
		<occluded>0</occluded>
		<truncated>0</truncated>
		<trafficLightColor>none</trafficLightColor>
		<bndbox>
			<xmin>547</xmin>
			<ymin>402</ymin>
			<xmax>583</xmax>
			<ymax>428</ymax>
		</bndbox>
	</object>
	<object>
		<name>truck</name>
		<occluded>1</occluded>
		<truncated>0</truncated>
		<trafficLightColor>none</trafficLightColor>
		<bndbox>
			<xmin>622</xmin>
			<ymin>362</ymin>
			<xmax>725</xmax>
			<ymax>405</ymax>
		</bndbox>
	</object>
	<object>
		<name>car</name>
		<occluded>0</occluded>
		<truncated>0</truncated>
		<trafficLightColor>none</trafficLightColor>
		<bndbox>
			<xmin>604</xmin>
			<ymin>398</ymin>
			<xmax>782</xmax>
			<ymax>528</ymax>
		</bndbox>
	</object>
	<object>
		<name>bus</name>
		<occluded>0</occluded>
		<truncated>0</truncated>
		<trafficLightColor>none</trafficLightColor>
		<bndbox>
			<xmin>50</xmin>
			<ymin>227</ymin>
			<xmax>510</xmax>
			<ymax>536</ymax>
		</bndbox>
	</object>
	<object>
		<name>bus</name>
		<occluded>0</occluded>
		<truncated>1</truncated>
		<trafficLightColor>none</trafficLightColor>
		<bndbox>
			<xmin>793</xmin>
			<ymin>0</ymin>
			<xmax>1280</xmax>
			<ymax>719</ymax>
		</bndbox>
	</object>
</annotation>
