<?xml version="1.0" ?>
<annotation>
	<folder>train</folder>
	<filename>00f28fce-a799f8a1.jpg</filename>
	<size>
		<width>1280</width>
		<height>720</height>
		<depth>3</depth>
	</size>
	<weather>clear</weather>
	<scene>city street</scene>
	<timeofday>night</timeofday>
	<object>
		<name>car</name>
		<occluded>0</occluded>
		<truncated>0</truncated>
		<trafficLightColor>none</trafficLightColor>
		<bndbox>
			<xmin>587</xmin>
			<ymin>325</ymin>
			<xmax>681</xmax>
			<ymax>416</ymax>
		</bndbox>
	</object>
	<object>
		<name>car</name>
		<occluded>0</occluded>
		<truncated>0</truncated>
		<trafficLightColor>none</trafficLightColor>
		<bndbox>
			<xmin>727</xmin>
			<ymin>347</ymin>
			<xmax>794</xmax>
			<ymax>401</ymax>
		</bndbox>
	</object>
	<object>
		<name>car</name>
		<occluded>0</occluded>
		<truncated>0</truncated>
		<trafficLightColor>none</trafficLightColor>
		<bndbox>
			<xmin>899</xmin>
			<ymin>357</ymin>
			<xmax>1027</xmax>
			<ymax>429</ymax>
		</bndbox>
	</object>
	<object>
		<name>car</name>
		<occluded>1</occluded>
		<truncated>0</truncated>
		<trafficLightColor>none</trafficLightColor>
		<bndbox>
			<xmin>845</xmin>
			<ymin>357</ymin>
			<xmax>922</xmax>
			<ymax>411</ymax>
		</bndbox>
	</object>
	<object>
		<name>car</name>
		<occluded>1</occluded>
		<truncated>0</truncated>
		<trafficLightColor>none</trafficLightColor>
		<bndbox>
			<xmin>819</xmin>
			<ymin>355</ymin>
			<xmax>853</xmax>
			<ymax>402</ymax>
		</bndbox>
	</object>
	<object>
		<name>car</name>
		<occluded>1</occluded>
		<truncated>0</truncated>
		<trafficLightColor>none</trafficLightColor>
		<bndbox>
			<xmin>793</xmin>
			<ymin>356</ymin>
			<xmax>821</xmax>
			<ymax>394</ymax>
		</bndbox>
	</object>
	<object>
		<name>car</name>
		<occluded>1</occluded>
		<truncated>0</truncated>
		<trafficLightColor>none</trafficLightColor>
		<bndbox>
			<xmin>669</xmin>
			<ymin>349</ymin>
			<xmax>692</xmax>
			<ymax>393</ymax>
		</bndbox>
	</object>
	<object>
		<name>car</name>
		<occluded>1</occluded>
		<truncated>0</truncated>
		<trafficLightColor>none</trafficLightColor>
		<bndbox>
			<xmin>682</xmin>
			<ymin>346</ymin>
			<xmax>724</xmax>
			<ymax>379</ymax>
		</bndbox>
	</object>
	<object>
		<name>car</name>
		<occluded>1</occluded>
		<truncated>0</truncated>
		<trafficLightColor>none</trafficLightColor>
		<bndbox>
			<xmin>594</xmin>
			<ymin>333</ymin>
			<xmax>611</xmax>
			<ymax>345</ymax>
		</bndbox>
	</object>
	<object>
		<name>car</name>
		<occluded>1</occluded>
		<truncated>0</truncated>
		<trafficLightColor>none</trafficLightColor>
		<bndbox>
			<xmin>582</xmin>
			<ymin>329</ymin>
			<xmax>598</xmax>
			<ymax>342</ymax>
		</bndbox>
	</object>
	<object>
		<name>car</name>
		<occluded>1</occluded>
		<truncated>0</truncated>
		<trafficLightColor>none</trafficLightColor>
		<bndbox>
			<xmin>575</xmin>
			<ymin>328</ymin>
			<xmax>587</xmax>
			<ymax>339</ymax>
		</bndbox>
	</object>
	<object>
		<name>car</name>
		<occluded>1</occluded>
		<truncated>0</truncated>
		<trafficLightColor>none</trafficLightColor>
		<bndbox>
			<xmin>370</xmin>
			<ymin>338</ymin>
			<xmax>449</xmax>
			<ymax>361</ymax>
		</bndbox>
	</object>
	<object>
		<name>car</name>
		<occluded>1</occluded>
		<truncated>0</truncated>
		<trafficLightColor>none</trafficLightColor>
		<bndbox>
			<xmin>548</xmin>
			<ymin>333</ymin>
			<xmax>558</xmax>
			<ymax>347</ymax>
		</bndbox>
	</object>
	<object>
		<name>car</name>
		<occluded>1</occluded>
		<truncated>0</truncated>
		<trafficLightColor>none</trafficLightColor>
		<bndbox>
			<xmin>526</xmin>
			<ymin>336</ymin>
			<xmax>545</xmax>
			<ymax>353</ymax>
		</bndbox>
	</object>
	<object>
		<name>car</name>
		<occluded>1</occluded>
		<truncated>0</truncated>
		<trafficLightColor>none</trafficLightColor>
		<bndbox>
			<xmin>492</xmin>
			<ymin>338</ymin>
			<xmax>523</xmax>
			<ymax>360</ymax>
		</bndbox>
	</object>
	<object>
		<name>traffic sign</name>
		<occluded>0</occluded>
		<truncated>0</truncated>
		<trafficLightColor>none</trafficLightColor>
		<bndbox>
			<xmin>483</xmin>
			<ymin>271</ymin>
			<xmax>497</xmax>
			<ymax>292</ymax>
		</bndbox>
	</object>
	<object>
		<name>traffic sign</name>
		<occluded>0</occluded>
		<truncated>0</truncated>
		<trafficLightColor>none</trafficLightColor>
		<bndbox>
			<xmin>495</xmin>
			<ymin>290</ymin>
			<xmax>528</xmax>
			<ymax>300</ymax>
		</bndbox>
	</object>
	<object>
		<name>traffic sign</name>
		<occluded>0</occluded>
		<truncated>0</truncated>
		<trafficLightColor>none</trafficLightColor>
		<bndbox>
			<xmin>509</xmin>
			<ymin>326</ymin>
			<xmax>517</xmax>
			<ymax>336</ymax>
		</bndbox>
	</object>
	<object>
		<name>traffic sign</name>
		<occluded>0</occluded>
		<truncated>0</truncated>
		<trafficLightColor>none</trafficLightColor>
		<bndbox>
			<xmin>693</xmin>
			<ymin>303</ymin>
			<xmax>700</xmax>
			<ymax>313</ymax>
		</bndbox>
	</object>
	<object>
		<name>traffic sign</name>
		<occluded>0</occluded>
		<truncated>0</truncated>
		<trafficLightColor>none</trafficLightColor>
		<bndbox>
			<xmin>951</xmin>
			<ymin>215</ymin>
			<xmax>988</xmax>
			<ymax>262</ymax>
		</bndbox>
	</object>
	<object>
		<name>traffic sign</name>
		<occluded>0</occluded>
		<truncated>0</truncated>
		<trafficLightColor>none</trafficLightColor>
		<bndbox>
			<xmin>1118</xmin>
			<ymin>224</ymin>
			<xmax>1142</xmax>
			<ymax>250</ymax>
		</bndbox>
	</object>
	<object>
		<name>traffic sign</name>
		<occluded>0</occluded>
		<truncated>0</truncated>
		<trafficLightColor>none</trafficLightColor>
		<bndbox>
			<xmin>1126</xmin>
			<ymin>251</ymin>
			<xmax>1154</xmax>
			<ymax>279</ymax>
		</bndbox>
	</object>
	<object>
		<name>traffic sign</name>
		<occluded>0</occluded>
		<truncated>0</truncated>
		<trafficLightColor>none</trafficLightColor>
		<bndbox>
			<xmin>1100</xmin>
			<ymin>252</ymin>
			<xmax>1126</xmax>
			<ymax>267</ymax>
		</bndbox>
	</object>
	<object>
		<name>traffic light</name>
		<occluded>0</occluded>
		<truncated>0</truncated>
		<trafficLightColor>green</trafficLightColor>
		<bndbox>
			<xmin>506</xmin>
			<ymin>306</ymin>
			<xmax>518</xmax>
			<ymax>320</ymax>
		</bndbox>
	</object>
	<object>
		<name>traffic light</name>
		<occluded>0</occluded>
		<truncated>0</truncated>
		<trafficLightColor>green</trafficLightColor>
		<bndbox>
			<xmin>547</xmin>
			<ymin>292</ymin>
			<xmax>555</xmax>
			<ymax>303</ymax>
		</bndbox>
	</object>
	<object>
		<name>traffic light</name>
		<occluded>0</occluded>
		<truncated>0</truncated>
		<trafficLightColor>green</trafficLightColor>
		<bndbox>
			<xmin>678</xmin>
			<ymin>304</ymin>
			<xmax>686</xmax>
			<ymax>316</ymax>
		</bndbox>
	</object>
	<object>
		<name>traffic light</name>
		<occluded>0</occluded>
		<truncated>0</truncated>
		<trafficLightColor>green</trafficLightColor>
		<bndbox>
			<xmin>620</xmin>
			<ymin>316</ymin>
			<xmax>626</xmax>
			<ymax>325</ymax>
		</bndbox>
	</object>
	<object>
		<name>traffic light</name>
		<occluded>0</occluded>
		<truncated>0</truncated>
		<trafficLightColor>red</trafficLightColor>
		<bndbox>
			<xmin>538</xmin>
			<ymin>282</ymin>
			<xmax>544</xmax>
			<ymax>291</ymax>
		</bndbox>
	</object>
	<object>
		<name>traffic sign</name>
		<occluded>0</occluded>
		<truncated>0</truncated>
		<trafficLightColor>none</trafficLightColor>
		<bndbox>
			<xmin>531</xmin>
			<ymin>283</ymin>
			<xmax>539</xmax>
			<ymax>295</ymax>
		</bndbox>
	</object>
	<object>
		<name>car</name>
		<occluded>1</occluded>
		<truncated>0</truncated>
		<trafficLightColor>none</trafficLightColor>
		<bndbox>
			<xmin>565</xmin>
			<ymin>325</ymin>
			<xmax>575</xmax>
			<ymax>336</ymax>
		</bndbox>
	</object>
	<object>
		<name>traffic light</name>
		<occluded>0</occluded>
		<truncated>0</truncated>
		<trafficLightColor>green</trafficLightColor>
		<bndbox>
			<xmin>572</xmin>
			<ymin>314</ymin>
			<xmax>576</xmax>
			<ymax>323</ymax>
		</bndbox>
	</object>
</annotation>
