<?xml version="1.0" ?>
<annotation>
	<folder>train</folder>
	<filename>00f2b0d5-c84860fe.jpg</filename>
	<size>
		<width>1280</width>
		<height>720</height>
		<depth>3</depth>
	</size>
	<weather>clear</weather>
	<scene>highway</scene>
	<timeofday>night</timeofday>
	<object>
		<name>traffic sign</name>
		<occluded>0</occluded>
		<truncated>0</truncated>
		<trafficLightColor>none</trafficLightColor>
		<bndbox>
			<xmin>670</xmin>
			<ymin>149</ymin>
			<xmax>682</xmax>
			<ymax>163</ymax>
		</bndbox>
	</object>
	<object>
		<name>traffic sign</name>
		<occluded>0</occluded>
		<truncated>0</truncated>
		<trafficLightColor>none</trafficLightColor>
		<bndbox>
			<xmin>766</xmin>
			<ymin>154</ymin>
			<xmax>778</xmax>
			<ymax>164</ymax>
		</bndbox>
	</object>
	<object>
		<name>traffic sign</name>
		<occluded>0</occluded>
		<truncated>0</truncated>
		<trafficLightColor>none</trafficLightColor>
		<bndbox>
			<xmin>820</xmin>
			<ymin>182</ymin>
			<xmax>841</xmax>
			<ymax>197</ymax>
		</bndbox>
	</object>
	<object>
		<name>traffic sign</name>
		<occluded>0</occluded>
		<truncated>0</truncated>
		<trafficLightColor>none</trafficLightColor>
		<bndbox>
			<xmin>787</xmin>
			<ymin>188</ymin>
			<xmax>808</xmax>
			<ymax>202</ymax>
		</bndbox>
	</object>
	<object>
		<name>traffic sign</name>
		<occluded>0</occluded>
		<truncated>0</truncated>
		<trafficLightColor>none</trafficLightColor>
		<bndbox>
			<xmin>754</xmin>
			<ymin>179</ymin>
			<xmax>760</xmax>
			<ymax>191</ymax>
		</bndbox>
	</object>
	<object>
		<name>traffic sign</name>
		<occluded>0</occluded>
		<truncated>0</truncated>
		<trafficLightColor>none</trafficLightColor>
		<bndbox>
			<xmin>770</xmin>
			<ymin>173</ymin>
			<xmax>781</xmax>
			<ymax>188</ymax>
		</bndbox>
	</object>
	<object>
		<name>traffic sign</name>
		<occluded>0</occluded>
		<truncated>0</truncated>
		<trafficLightColor>none</trafficLightColor>
		<bndbox>
			<xmin>742</xmin>
			<ymin>187</ymin>
			<xmax>755</xmax>
			<ymax>199</ymax>
		</bndbox>
	</object>
	<object>
		<name>traffic sign</name>
		<occluded>0</occluded>
		<truncated>0</truncated>
		<trafficLightColor>none</trafficLightColor>
		<bndbox>
			<xmin>565</xmin>
			<ymin>169</ymin>
			<xmax>576</xmax>
			<ymax>182</ymax>
		</bndbox>
	</object>
	<object>
		<name>traffic light</name>
		<occluded>0</occluded>
		<truncated>0</truncated>
		<trafficLightColor>green</trafficLightColor>
		<bndbox>
			<xmin>719</xmin>
			<ymin>173</ymin>
			<xmax>730</xmax>
			<ymax>185</ymax>
		</bndbox>
	</object>
	<object>
		<name>traffic light</name>
		<occluded>0</occluded>
		<truncated>0</truncated>
		<trafficLightColor>green</trafficLightColor>
		<bndbox>
			<xmin>691</xmin>
			<ymin>173</ymin>
			<xmax>704</xmax>
			<ymax>185</ymax>
		</bndbox>
	</object>
	<object>
		<name>traffic light</name>
		<occluded>0</occluded>
		<truncated>0</truncated>
		<trafficLightColor>green</trafficLightColor>
		<bndbox>
			<xmin>694</xmin>
			<ymin>193</ymin>
			<xmax>707</xmax>
			<ymax>205</ymax>
		</bndbox>
	</object>
	<object>
		<name>traffic light</name>
		<occluded>0</occluded>
		<truncated>0</truncated>
		<trafficLightColor>green</trafficLightColor>
		<bndbox>
			<xmin>673</xmin>
			<ymin>191</ymin>
			<xmax>683</xmax>
			<ymax>203</ymax>
		</bndbox>
	</object>
	<object>
		<name>traffic light</name>
		<occluded>0</occluded>
		<truncated>0</truncated>
		<trafficLightColor>red</trafficLightColor>
		<bndbox>
			<xmin>755</xmin>
			<ymin>197</ymin>
			<xmax>769</xmax>
			<ymax>215</ymax>
		</bndbox>
	</object>
	<object>
		<name>car</name>
		<occluded>1</occluded>
		<truncated>0</truncated>
		<trafficLightColor>none</trafficLightColor>
		<bndbox>
			<xmin>712</xmin>
			<ymin>206</ymin>
			<xmax>721</xmax>
			<ymax>226</ymax>
		</bndbox>
	</object>
	<object>
		<name>car</name>
		<occluded>1</occluded>
		<truncated>0</truncated>
		<trafficLightColor>none</trafficLightColor>
		<bndbox>
			<xmin>718</xmin>
			<ymin>206</ymin>
			<xmax>745</xmax>
			<ymax>233</ymax>
		</bndbox>
	</object>
	<object>
		<name>car</name>
		<occluded>1</occluded>
		<truncated>0</truncated>
		<trafficLightColor>none</trafficLightColor>
		<bndbox>
			<xmin>679</xmin>
			<ymin>208</ymin>
			<xmax>700</xmax>
			<ymax>223</ymax>
		</bndbox>
	</object>
	<object>
		<name>car</name>
		<occluded>1</occluded>
		<truncated>0</truncated>
		<trafficLightColor>none</trafficLightColor>
		<bndbox>
			<xmin>661</xmin>
			<ymin>203</ymin>
			<xmax>680</xmax>
			<ymax>229</ymax>
		</bndbox>
	</object>
	<object>
		<name>car</name>
		<occluded>1</occluded>
		<truncated>0</truncated>
		<trafficLightColor>none</trafficLightColor>
		<bndbox>
			<xmin>619</xmin>
			<ymin>191</ymin>
			<xmax>668</xmax>
			<ymax>203</ymax>
		</bndbox>
	</object>
	<object>
		<name>car</name>
		<occluded>0</occluded>
		<truncated>0</truncated>
		<trafficLightColor>none</trafficLightColor>
		<bndbox>
			<xmin>694</xmin>
			<ymin>205</ymin>
			<xmax>721</xmax>
			<ymax>232</ymax>
		</bndbox>
	</object>
	<object>
		<name>car</name>
		<occluded>0</occluded>
		<truncated>0</truncated>
		<trafficLightColor>none</trafficLightColor>
		<bndbox>
			<xmin>544</xmin>
			<ymin>187</ymin>
			<xmax>662</xmax>
			<ymax>296</ymax>
		</bndbox>
	</object>
	<object>
		<name>traffic sign</name>
		<occluded>1</occluded>
		<truncated>0</truncated>
		<trafficLightColor>none</trafficLightColor>
		<bndbox>
			<xmin>340</xmin>
			<ymin>139</ymin>
			<xmax>376</xmax>
			<ymax>164</ymax>
		</bndbox>
	</object>
	<object>
		<name>car</name>
		<occluded>1</occluded>
		<truncated>0</truncated>
		<trafficLightColor>none</trafficLightColor>
		<bndbox>
			<xmin>800</xmin>
			<ymin>217</ymin>
			<xmax>818</xmax>
			<ymax>230</ymax>
		</bndbox>
	</object>
	<object>
		<name>car</name>
		<occluded>1</occluded>
		<truncated>0</truncated>
		<trafficLightColor>none</trafficLightColor>
		<bndbox>
			<xmin>817</xmin>
			<ymin>215</ymin>
			<xmax>841</xmax>
			<ymax>230</ymax>
		</bndbox>
	</object>
	<object>
		<name>car</name>
		<occluded>1</occluded>
		<truncated>0</truncated>
		<trafficLightColor>none</trafficLightColor>
		<bndbox>
			<xmin>859</xmin>
			<ymin>214</ymin>
			<xmax>886</xmax>
			<ymax>236</ymax>
		</bndbox>
	</object>
	<object>
		<name>car</name>
		<occluded>0</occluded>
		<truncated>0</truncated>
		<trafficLightColor>none</trafficLightColor>
		<bndbox>
			<xmin>746</xmin>
			<ymin>215</ymin>
			<xmax>773</xmax>
			<ymax>238</ymax>
		</bndbox>
	</object>
</annotation>
