<?xml version="1.0" ?>
<annotation>
	<folder>train</folder>
	<filename>00f7eac8-5193d600.jpg</filename>
	<size>
		<width>1280</width>
		<height>720</height>
		<depth>3</depth>
	</size>
	<weather>overcast</weather>
	<scene>city street</scene>
	<timeofday>daytime</timeofday>
	<object>
		<name>traffic light</name>
		<occluded>0</occluded>
		<truncated>1</truncated>
		<trafficLightColor>yellow</trafficLightColor>
		<bndbox>
			<xmin>261</xmin>
			<ymin>0</ymin>
			<xmax>286</xmax>
			<ymax>31</ymax>
		</bndbox>
	</object>
	<object>
		<name>traffic light</name>
		<occluded>0</occluded>
		<truncated>1</truncated>
		<trafficLightColor>none</trafficLightColor>
		<bndbox>
			<xmin>293</xmin>
			<ymin>0</ymin>
			<xmax>323</xmax>
			<ymax>40</ymax>
		</bndbox>
	</object>
	<object>
		<name>traffic light</name>
		<occluded>0</occluded>
		<truncated>0</truncated>
		<trafficLightColor>none</trafficLightColor>
		<bndbox>
			<xmin>200</xmin>
			<ymin>166</ymin>
			<xmax>213</xmax>
			<ymax>196</ymax>
		</bndbox>
	</object>
	<object>
		<name>traffic light</name>
		<occluded>0</occluded>
		<truncated>0</truncated>
		<trafficLightColor>red</trafficLightColor>
		<bndbox>
			<xmin>658</xmin>
			<ymin>228</ymin>
			<xmax>677</xmax>
			<ymax>248</ymax>
		</bndbox>
	</object>
	<object>
		<name>traffic light</name>
		<occluded>0</occluded>
		<truncated>0</truncated>
		<trafficLightColor>red</trafficLightColor>
		<bndbox>
			<xmin>1015</xmin>
			<ymin>104</ymin>
			<xmax>1030</xmax>
			<ymax>143</ymax>
		</bndbox>
	</object>
	<object>
		<name>traffic sign</name>
		<occluded>0</occluded>
		<truncated>0</truncated>
		<trafficLightColor>none</trafficLightColor>
		<bndbox>
			<xmin>189</xmin>
			<ymin>196</ymin>
			<xmax>218</xmax>
			<ymax>208</ymax>
		</bndbox>
	</object>
	<object>
		<name>traffic sign</name>
		<occluded>0</occluded>
		<truncated>0</truncated>
		<trafficLightColor>none</trafficLightColor>
		<bndbox>
			<xmin>932</xmin>
			<ymin>181</ymin>
			<xmax>964</xmax>
			<ymax>225</ymax>
		</bndbox>
	</object>
	<object>
		<name>traffic sign</name>
		<occluded>0</occluded>
		<truncated>0</truncated>
		<trafficLightColor>none</trafficLightColor>
		<bndbox>
			<xmin>941</xmin>
			<ymin>292</ymin>
			<xmax>952</xmax>
			<ymax>308</ymax>
		</bndbox>
	</object>
	<object>
		<name>traffic sign</name>
		<occluded>0</occluded>
		<truncated>0</truncated>
		<trafficLightColor>none</trafficLightColor>
		<bndbox>
			<xmin>938</xmin>
			<ymin>309</ymin>
			<xmax>952</xmax>
			<ymax>326</ymax>
		</bndbox>
	</object>
	<object>
		<name>truck</name>
		<occluded>1</occluded>
		<truncated>0</truncated>
		<trafficLightColor>none</trafficLightColor>
		<bndbox>
			<xmin>348</xmin>
			<ymin>222</ymin>
			<xmax>406</xmax>
			<ymax>274</ymax>
		</bndbox>
	</object>
	<object>
		<name>car</name>
		<occluded>1</occluded>
		<truncated>0</truncated>
		<trafficLightColor>none</trafficLightColor>
		<bndbox>
			<xmin>1021</xmin>
			<ymin>292</ymin>
			<xmax>1043</xmax>
			<ymax>329</ymax>
		</bndbox>
	</object>
	<object>
		<name>car</name>
		<occluded>1</occluded>
		<truncated>1</truncated>
		<trafficLightColor>none</trafficLightColor>
		<bndbox>
			<xmin>1259</xmin>
			<ymin>292</ymin>
			<xmax>1278</xmax>
			<ymax>318</ymax>
		</bndbox>
	</object>
	<object>
		<name>car</name>
		<occluded>1</occluded>
		<truncated>0</truncated>
		<trafficLightColor>none</trafficLightColor>
		<bndbox>
			<xmin>1244</xmin>
			<ymin>292</ymin>
			<xmax>1273</xmax>
			<ymax>318</ymax>
		</bndbox>
	</object>
	<object>
		<name>car</name>
		<occluded>1</occluded>
		<truncated>0</truncated>
		<trafficLightColor>none</trafficLightColor>
		<bndbox>
			<xmin>1218</xmin>
			<ymin>294</ymin>
			<xmax>1244</xmax>
			<ymax>321</ymax>
		</bndbox>
	</object>
	<object>
		<name>car</name>
		<occluded>1</occluded>
		<truncated>0</truncated>
		<trafficLightColor>none</trafficLightColor>
		<bndbox>
			<xmin>1203</xmin>
			<ymin>296</ymin>
			<xmax>1230</xmax>
			<ymax>322</ymax>
		</bndbox>
	</object>
	<object>
		<name>car</name>
		<occluded>0</occluded>
		<truncated>0</truncated>
		<trafficLightColor>none</trafficLightColor>
		<bndbox>
			<xmin>1129</xmin>
			<ymin>280</ymin>
			<xmax>1205</xmax>
			<ymax>324</ymax>
		</bndbox>
	</object>
	<object>
		<name>person</name>
		<occluded>1</occluded>
		<truncated>0</truncated>
		<trafficLightColor>none</trafficLightColor>
		<bndbox>
			<xmin>1065</xmin>
			<ymin>290</ymin>
			<xmax>1076</xmax>
			<ymax>304</ymax>
		</bndbox>
	</object>
	<object>
		<name>person</name>
		<occluded>1</occluded>
		<truncated>0</truncated>
		<trafficLightColor>none</trafficLightColor>
		<bndbox>
			<xmin>1088</xmin>
			<ymin>289</ymin>
			<xmax>1108</xmax>
			<ymax>327</ymax>
		</bndbox>
	</object>
	<object>
		<name>car</name>
		<occluded>1</occluded>
		<truncated>0</truncated>
		<trafficLightColor>none</trafficLightColor>
		<bndbox>
			<xmin>1039</xmin>
			<ymin>285</ymin>
			<xmax>1098</xmax>
			<ymax>326</ymax>
		</bndbox>
	</object>
	<object>
		<name>truck</name>
		<occluded>1</occluded>
		<truncated>0</truncated>
		<trafficLightColor>none</trafficLightColor>
		<bndbox>
			<xmin>1090</xmin>
			<ymin>273</ymin>
			<xmax>1141</xmax>
			<ymax>326</ymax>
		</bndbox>
	</object>
	<object>
		<name>car</name>
		<occluded>1</occluded>
		<truncated>0</truncated>
		<trafficLightColor>none</trafficLightColor>
		<bndbox>
			<xmin>900</xmin>
			<ymin>281</ymin>
			<xmax>1019</xmax>
			<ymax>332</ymax>
		</bndbox>
	</object>
	<object>
		<name>car</name>
		<occluded>0</occluded>
		<truncated>0</truncated>
		<trafficLightColor>none</trafficLightColor>
		<bndbox>
			<xmin>446</xmin>
			<ymin>243</ymin>
			<xmax>539</xmax>
			<ymax>329</ymax>
		</bndbox>
	</object>
	<object>
		<name>person</name>
		<occluded>0</occluded>
		<truncated>0</truncated>
		<trafficLightColor>none</trafficLightColor>
		<bndbox>
			<xmin>256</xmin>
			<ymin>243</ymin>
			<xmax>282</xmax>
			<ymax>296</ymax>
		</bndbox>
	</object>
	<object>
		<name>person</name>
		<occluded>0</occluded>
		<truncated>0</truncated>
		<trafficLightColor>none</trafficLightColor>
		<bndbox>
			<xmin>589</xmin>
			<ymin>263</ymin>
			<xmax>614</xmax>
			<ymax>317</ymax>
		</bndbox>
	</object>
	<object>
		<name>traffic sign</name>
		<occluded>0</occluded>
		<truncated>0</truncated>
		<trafficLightColor>none</trafficLightColor>
		<bndbox>
			<xmin>1056</xmin>
			<ymin>196</ymin>
			<xmax>1079</xmax>
			<ymax>228</ymax>
		</bndbox>
	</object>
	<object>
		<name>person</name>
		<occluded>1</occluded>
		<truncated>0</truncated>
		<trafficLightColor>none</trafficLightColor>
		<bndbox>
			<xmin>336</xmin>
			<ymin>240</ymin>
			<xmax>343</xmax>
			<ymax>275</ymax>
		</bndbox>
	</object>
</annotation>
