<?xml version="1.0" ?>
<annotation>
	<folder>train</folder>
	<filename>00f8f875-bad0295f.jpg</filename>
	<size>
		<width>1280</width>
		<height>720</height>
		<depth>3</depth>
	</size>
	<weather>clear</weather>
	<scene>city street</scene>
	<timeofday>daytime</timeofday>
	<object>
		<name>car</name>
		<occluded>1</occluded>
		<truncated>0</truncated>
		<trafficLightColor>none</trafficLightColor>
		<bndbox>
			<xmin>293</xmin>
			<ymin>276</ymin>
			<xmax>368</xmax>
			<ymax>302</ymax>
		</bndbox>
	</object>
	<object>
		<name>car</name>
		<occluded>1</occluded>
		<truncated>0</truncated>
		<trafficLightColor>none</trafficLightColor>
		<bndbox>
			<xmin>564</xmin>
			<ymin>274</ymin>
			<xmax>578</xmax>
			<ymax>286</ymax>
		</bndbox>
	</object>
	<object>
		<name>car</name>
		<occluded>0</occluded>
		<truncated>0</truncated>
		<trafficLightColor>none</trafficLightColor>
		<bndbox>
			<xmin>574</xmin>
			<ymin>254</ymin>
			<xmax>600</xmax>
			<ymax>286</ymax>
		</bndbox>
	</object>
	<object>
		<name>car</name>
		<occluded>0</occluded>
		<truncated>0</truncated>
		<trafficLightColor>none</trafficLightColor>
		<bndbox>
			<xmin>586</xmin>
			<ymin>247</ymin>
			<xmax>656</xmax>
			<ymax>303</ymax>
		</bndbox>
	</object>
	<object>
		<name>car</name>
		<occluded>0</occluded>
		<truncated>0</truncated>
		<trafficLightColor>none</trafficLightColor>
		<bndbox>
			<xmin>442</xmin>
			<ymin>247</ymin>
			<xmax>571</xmax>
			<ymax>358</ymax>
		</bndbox>
	</object>
	<object>
		<name>person</name>
		<occluded>0</occluded>
		<truncated>0</truncated>
		<trafficLightColor>none</trafficLightColor>
		<bndbox>
			<xmin>710</xmin>
			<ymin>238</ymin>
			<xmax>731</xmax>
			<ymax>281</ymax>
		</bndbox>
	</object>
	<object>
		<name>traffic light</name>
		<occluded>0</occluded>
		<truncated>0</truncated>
		<trafficLightColor>none</trafficLightColor>
		<bndbox>
			<xmin>580</xmin>
			<ymin>153</ymin>
			<xmax>592</xmax>
			<ymax>179</ymax>
		</bndbox>
	</object>
	<object>
		<name>traffic light</name>
		<occluded>0</occluded>
		<truncated>0</truncated>
		<trafficLightColor>none</trafficLightColor>
		<bndbox>
			<xmin>486</xmin>
			<ymin>190</ymin>
			<xmax>499</xmax>
			<ymax>213</ymax>
		</bndbox>
	</object>
	<object>
		<name>traffic light</name>
		<occluded>0</occluded>
		<truncated>0</truncated>
		<trafficLightColor>none</trafficLightColor>
		<bndbox>
			<xmin>661</xmin>
			<ymin>221</ymin>
			<xmax>669</xmax>
			<ymax>235</ymax>
		</bndbox>
	</object>
	<object>
		<name>person</name>
		<occluded>1</occluded>
		<truncated>0</truncated>
		<trafficLightColor>none</trafficLightColor>
		<bndbox>
			<xmin>440</xmin>
			<ymin>262</ymin>
			<xmax>450</xmax>
			<ymax>305</ymax>
		</bndbox>
	</object>
	<object>
		<name>car</name>
		<occluded>1</occluded>
		<truncated>0</truncated>
		<trafficLightColor>none</trafficLightColor>
		<bndbox>
			<xmin>969</xmin>
			<ymin>228</ymin>
			<xmax>986</xmax>
			<ymax>250</ymax>
		</bndbox>
	</object>
	<object>
		<name>traffic sign</name>
		<occluded>1</occluded>
		<truncated>0</truncated>
		<trafficLightColor>none</trafficLightColor>
		<bndbox>
			<xmin>292</xmin>
			<ymin>235</ymin>
			<xmax>309</xmax>
			<ymax>260</ymax>
		</bndbox>
	</object>
	<object>
		<name>traffic sign</name>
		<occluded>0</occluded>
		<truncated>0</truncated>
		<trafficLightColor>none</trafficLightColor>
		<bndbox>
			<xmin>349</xmin>
			<ymin>237</ymin>
			<xmax>359</xmax>
			<ymax>249</ymax>
		</bndbox>
	</object>
</annotation>
