<?xml version="1.0" ?>
<annotation>
	<folder>train</folder>
	<filename>00f89335-2ef7949d.jpg</filename>
	<size>
		<width>1280</width>
		<height>720</height>
		<depth>3</depth>
	</size>
	<weather>clear</weather>
	<scene>city street</scene>
	<timeofday>dawn/dusk</timeofday>
	<object>
		<name>car</name>
		<occluded>1</occluded>
		<truncated>0</truncated>
		<trafficLightColor>none</trafficLightColor>
		<bndbox>
			<xmin>706</xmin>
			<ymin>393</ymin>
			<xmax>715</xmax>
			<ymax>401</ymax>
		</bndbox>
	</object>
	<object>
		<name>car</name>
		<occluded>1</occluded>
		<truncated>0</truncated>
		<trafficLightColor>none</trafficLightColor>
		<bndbox>
			<xmin>695</xmin>
			<ymin>391</ymin>
			<xmax>704</xmax>
			<ymax>398</ymax>
		</bndbox>
	</object>
	<object>
		<name>car</name>
		<occluded>1</occluded>
		<truncated>0</truncated>
		<trafficLightColor>none</trafficLightColor>
		<bndbox>
			<xmin>693</xmin>
			<ymin>399</ymin>
			<xmax>706</xmax>
			<ymax>407</ymax>
		</bndbox>
	</object>
	<object>
		<name>car</name>
		<occluded>1</occluded>
		<truncated>0</truncated>
		<trafficLightColor>none</trafficLightColor>
		<bndbox>
			<xmin>686</xmin>
			<ymin>388</ymin>
			<xmax>693</xmax>
			<ymax>396</ymax>
		</bndbox>
	</object>
	<object>
		<name>car</name>
		<occluded>1</occluded>
		<truncated>0</truncated>
		<trafficLightColor>none</trafficLightColor>
		<bndbox>
			<xmin>678</xmin>
			<ymin>389</ymin>
			<xmax>685</xmax>
			<ymax>397</ymax>
		</bndbox>
	</object>
	<object>
		<name>car</name>
		<occluded>1</occluded>
		<truncated>0</truncated>
		<trafficLightColor>none</trafficLightColor>
		<bndbox>
			<xmin>681</xmin>
			<ymin>396</ymin>
			<xmax>692</xmax>
			<ymax>403</ymax>
		</bndbox>
	</object>
	<object>
		<name>car</name>
		<occluded>1</occluded>
		<truncated>0</truncated>
		<trafficLightColor>none</trafficLightColor>
		<bndbox>
			<xmin>669</xmin>
			<ymin>391</ymin>
			<xmax>677</xmax>
			<ymax>399</ymax>
		</bndbox>
	</object>
	<object>
		<name>car</name>
		<occluded>1</occluded>
		<truncated>0</truncated>
		<trafficLightColor>none</trafficLightColor>
		<bndbox>
			<xmin>669</xmin>
			<ymin>400</ymin>
			<xmax>680</xmax>
			<ymax>410</ymax>
		</bndbox>
	</object>
	<object>
		<name>car</name>
		<occluded>1</occluded>
		<truncated>0</truncated>
		<trafficLightColor>none</trafficLightColor>
		<bndbox>
			<xmin>652</xmin>
			<ymin>393</ymin>
			<xmax>667</xmax>
			<ymax>400</ymax>
		</bndbox>
	</object>
	<object>
		<name>car</name>
		<occluded>1</occluded>
		<truncated>0</truncated>
		<trafficLightColor>none</trafficLightColor>
		<bndbox>
			<xmin>662</xmin>
			<ymin>399</ymin>
			<xmax>671</xmax>
			<ymax>408</ymax>
		</bndbox>
	</object>
	<object>
		<name>car</name>
		<occluded>1</occluded>
		<truncated>0</truncated>
		<trafficLightColor>none</trafficLightColor>
		<bndbox>
			<xmin>647</xmin>
			<ymin>398</ymin>
			<xmax>653</xmax>
			<ymax>408</ymax>
		</bndbox>
	</object>
	<object>
		<name>car</name>
		<occluded>1</occluded>
		<truncated>0</truncated>
		<trafficLightColor>none</trafficLightColor>
		<bndbox>
			<xmin>634</xmin>
			<ymin>396</ymin>
			<xmax>649</xmax>
			<ymax>408</ymax>
		</bndbox>
	</object>
	<object>
		<name>car</name>
		<occluded>1</occluded>
		<truncated>0</truncated>
		<trafficLightColor>none</trafficLightColor>
		<bndbox>
			<xmin>650</xmin>
			<ymin>400</ymin>
			<xmax>665</xmax>
			<ymax>414</ymax>
		</bndbox>
	</object>
	<object>
		<name>car</name>
		<occluded>0</occluded>
		<truncated>0</truncated>
		<trafficLightColor>none</trafficLightColor>
		<bndbox>
			<xmin>638</xmin>
			<ymin>401</ymin>
			<xmax>655</xmax>
			<ymax>419</ymax>
		</bndbox>
	</object>
	<object>
		<name>car</name>
		<occluded>0</occluded>
		<truncated>0</truncated>
		<trafficLightColor>none</trafficLightColor>
		<bndbox>
			<xmin>94</xmin>
			<ymin>431</ymin>
			<xmax>391</xmax>
			<ymax>555</ymax>
		</bndbox>
	</object>
	<object>
		<name>car</name>
		<occluded>0</occluded>
		<truncated>0</truncated>
		<trafficLightColor>none</trafficLightColor>
		<bndbox>
			<xmin>928</xmin>
			<ymin>389</ymin>
			<xmax>1118</xmax>
			<ymax>511</ymax>
		</bndbox>
	</object>
	<object>
		<name>car</name>
		<occluded>0</occluded>
		<truncated>0</truncated>
		<trafficLightColor>none</trafficLightColor>
		<bndbox>
			<xmin>542</xmin>
			<ymin>412</ymin>
			<xmax>594</xmax>
			<ymax>447</ymax>
		</bndbox>
	</object>
	<object>
		<name>car</name>
		<occluded>1</occluded>
		<truncated>0</truncated>
		<trafficLightColor>none</trafficLightColor>
		<bndbox>
			<xmin>66</xmin>
			<ymin>448</ymin>
			<xmax>177</xmax>
			<ymax>525</ymax>
		</bndbox>
	</object>
	<object>
		<name>car</name>
		<occluded>1</occluded>
		<truncated>0</truncated>
		<trafficLightColor>none</trafficLightColor>
		<bndbox>
			<xmin>344</xmin>
			<ymin>431</ymin>
			<xmax>387</xmax>
			<ymax>456</ymax>
		</bndbox>
	</object>
	<object>
		<name>car</name>
		<occluded>1</occluded>
		<truncated>0</truncated>
		<trafficLightColor>none</trafficLightColor>
		<bndbox>
			<xmin>609</xmin>
			<ymin>393</ymin>
			<xmax>633</xmax>
			<ymax>423</ymax>
		</bndbox>
	</object>
	<object>
		<name>car</name>
		<occluded>1</occluded>
		<truncated>0</truncated>
		<trafficLightColor>none</trafficLightColor>
		<bndbox>
			<xmin>885</xmin>
			<ymin>407</ymin>
			<xmax>957</xmax>
			<ymax>489</ymax>
		</bndbox>
	</object>
	<object>
		<name>car</name>
		<occluded>1</occluded>
		<truncated>0</truncated>
		<trafficLightColor>none</trafficLightColor>
		<bndbox>
			<xmin>841</xmin>
			<ymin>401</ymin>
			<xmax>927</xmax>
			<ymax>470</ymax>
		</bndbox>
	</object>
	<object>
		<name>car</name>
		<occluded>1</occluded>
		<truncated>0</truncated>
		<trafficLightColor>none</trafficLightColor>
		<bndbox>
			<xmin>810</xmin>
			<ymin>405</ymin>
			<xmax>866</xmax>
			<ymax>461</ymax>
		</bndbox>
	</object>
	<object>
		<name>car</name>
		<occluded>1</occluded>
		<truncated>0</truncated>
		<trafficLightColor>none</trafficLightColor>
		<bndbox>
			<xmin>766</xmin>
			<ymin>393</ymin>
			<xmax>828</xmax>
			<ymax>448</ymax>
		</bndbox>
	</object>
	<object>
		<name>car</name>
		<occluded>0</occluded>
		<truncated>0</truncated>
		<trafficLightColor>none</trafficLightColor>
		<bndbox>
			<xmin>735</xmin>
			<ymin>389</ymin>
			<xmax>768</xmax>
			<ymax>429</ymax>
		</bndbox>
	</object>
	<object>
		<name>car</name>
		<occluded>1</occluded>
		<truncated>0</truncated>
		<trafficLightColor>none</trafficLightColor>
		<bndbox>
			<xmin>590</xmin>
			<ymin>404</ymin>
			<xmax>617</xmax>
			<ymax>426</ymax>
		</bndbox>
	</object>
	<object>
		<name>car</name>
		<occluded>1</occluded>
		<truncated>0</truncated>
		<trafficLightColor>none</trafficLightColor>
		<bndbox>
			<xmin>726</xmin>
			<ymin>395</ymin>
			<xmax>738</xmax>
			<ymax>403</ymax>
		</bndbox>
	</object>
	<object>
		<name>car</name>
		<occluded>1</occluded>
		<truncated>0</truncated>
		<trafficLightColor>none</trafficLightColor>
		<bndbox>
			<xmin>722</xmin>
			<ymin>391</ymin>
			<xmax>733</xmax>
			<ymax>401</ymax>
		</bndbox>
	</object>
	<object>
		<name>traffic sign</name>
		<occluded>0</occluded>
		<truncated>0</truncated>
		<trafficLightColor>none</trafficLightColor>
		<bndbox>
			<xmin>553</xmin>
			<ymin>339</ymin>
			<xmax>582</xmax>
			<ymax>360</ymax>
		</bndbox>
	</object>
	<object>
		<name>traffic sign</name>
		<occluded>0</occluded>
		<truncated>0</truncated>
		<trafficLightColor>none</trafficLightColor>
		<bndbox>
			<xmin>749</xmin>
			<ymin>350</ymin>
			<xmax>758</xmax>
			<ymax>363</ymax>
		</bndbox>
	</object>
	<object>
		<name>traffic sign</name>
		<occluded>0</occluded>
		<truncated>0</truncated>
		<trafficLightColor>none</trafficLightColor>
		<bndbox>
			<xmin>766</xmin>
			<ymin>384</ymin>
			<xmax>774</xmax>
			<ymax>392</ymax>
		</bndbox>
	</object>
	<object>
		<name>traffic sign</name>
		<occluded>0</occluded>
		<truncated>0</truncated>
		<trafficLightColor>none</trafficLightColor>
		<bndbox>
			<xmin>544</xmin>
			<ymin>372</ymin>
			<xmax>555</xmax>
			<ymax>376</ymax>
		</bndbox>
	</object>
	<object>
		<name>traffic sign</name>
		<occluded>0</occluded>
		<truncated>0</truncated>
		<trafficLightColor>none</trafficLightColor>
		<bndbox>
			<xmin>500</xmin>
			<ymin>367</ymin>
			<xmax>512</xmax>
			<ymax>375</ymax>
		</bndbox>
	</object>
	<object>
		<name>traffic light</name>
		<occluded>0</occluded>
		<truncated>0</truncated>
		<trafficLightColor>green</trafficLightColor>
		<bndbox>
			<xmin>725</xmin>
			<ymin>366</ymin>
			<xmax>732</xmax>
			<ymax>377</ymax>
		</bndbox>
	</object>
	<object>
		<name>traffic light</name>
		<occluded>0</occluded>
		<truncated>0</truncated>
		<trafficLightColor>green</trafficLightColor>
		<bndbox>
			<xmin>582</xmin>
			<ymin>367</ymin>
			<xmax>586</xmax>
			<ymax>378</ymax>
		</bndbox>
	</object>
	<object>
		<name>traffic sign</name>
		<occluded>0</occluded>
		<truncated>0</truncated>
		<trafficLightColor>none</trafficLightColor>
		<bndbox>
			<xmin>750</xmin>
			<ymin>367</ymin>
			<xmax>759</xmax>
			<ymax>377</ymax>
		</bndbox>
	</object>
	<object>
		<name>traffic sign</name>
		<occluded>0</occluded>
		<truncated>0</truncated>
		<trafficLightColor>none</trafficLightColor>
		<bndbox>
			<xmin>1205</xmin>
			<ymin>222</ymin>
			<xmax>1257</xmax>
			<ymax>310</ymax>
		</bndbox>
	</object>
	<object>
		<name>car</name>
		<occluded>1</occluded>
		<truncated>0</truncated>
		<trafficLightColor>none</trafficLightColor>
		<bndbox>
			<xmin>444</xmin>
			<ymin>417</ymin>
			<xmax>488</xmax>
			<ymax>447</ymax>
		</bndbox>
	</object>
	<object>
		<name>person</name>
		<occluded>0</occluded>
		<truncated>0</truncated>
		<trafficLightColor>none</trafficLightColor>
		<bndbox>
			<xmin>513</xmin>
			<ymin>424</ymin>
			<xmax>517</xmax>
			<ymax>439</ymax>
		</bndbox>
	</object>
	<object>
		<name>person</name>
		<occluded>0</occluded>
		<truncated>0</truncated>
		<trafficLightColor>none</trafficLightColor>
		<bndbox>
			<xmin>519</xmin>
			<ymin>423</ymin>
			<xmax>525</xmax>
			<ymax>441</ymax>
		</bndbox>
	</object>
	<object>
		<name>person</name>
		<occluded>1</occluded>
		<truncated>0</truncated>
		<trafficLightColor>none</trafficLightColor>
		<bndbox>
			<xmin>529</xmin>
			<ymin>418</ymin>
			<xmax>535</xmax>
			<ymax>442</ymax>
		</bndbox>
	</object>
	<object>
		<name>person</name>
		<occluded>1</occluded>
		<truncated>0</truncated>
		<trafficLightColor>none</trafficLightColor>
		<bndbox>
			<xmin>532</xmin>
			<ymin>420</ymin>
			<xmax>539</xmax>
			<ymax>442</ymax>
		</bndbox>
	</object>
	<object>
		<name>person</name>
		<occluded>0</occluded>
		<truncated>0</truncated>
		<trafficLightColor>none</trafficLightColor>
		<bndbox>
			<xmin>603</xmin>
			<ymin>418</ymin>
			<xmax>613</xmax>
			<ymax>440</ymax>
		</bndbox>
	</object>
	<object>
		<name>person</name>
		<occluded>0</occluded>
		<truncated>0</truncated>
		<trafficLightColor>none</trafficLightColor>
		<bndbox>
			<xmin>722</xmin>
			<ymin>408</ymin>
			<xmax>736</xmax>
			<ymax>433</ymax>
		</bndbox>
	</object>
	<object>
		<name>car</name>
		<occluded>0</occluded>
		<truncated>0</truncated>
		<trafficLightColor>none</trafficLightColor>
		<bndbox>
			<xmin>670</xmin>
			<ymin>409</ymin>
			<xmax>695</xmax>
			<ymax>428</ymax>
		</bndbox>
	</object>
	<object>
		<name>truck</name>
		<occluded>0</occluded>
		<truncated>1</truncated>
		<trafficLightColor>none</trafficLightColor>
		<bndbox>
			<xmin>1</xmin>
			<ymin>31</ymin>
			<xmax>69</xmax>
			<ymax>649</ymax>
		</bndbox>
	</object>
	<object>
		<name>traffic sign</name>
		<occluded>0</occluded>
		<truncated>0</truncated>
		<trafficLightColor>none</trafficLightColor>
		<bndbox>
			<xmin>1028</xmin>
			<ymin>316</ymin>
			<xmax>1040</xmax>
			<ymax>353</ymax>
		</bndbox>
	</object>
	<object>
		<name>traffic light</name>
		<occluded>0</occluded>
		<truncated>0</truncated>
		<trafficLightColor>none</trafficLightColor>
		<bndbox>
			<xmin>586</xmin>
			<ymin>367</ymin>
			<xmax>592</xmax>
			<ymax>378</ymax>
		</bndbox>
	</object>
</annotation>
